Date,Product,Category,Sales Rep,City,No.of Units,Price,Amount
08-01-2021,Dell XPS 13,Laptop,Tara,Bangalore,3,"2,001","6,003"
08-01-2021,OnePlus Buds,Headphone,Bruce,Bangalore,31,75,"2,325"
08-01-2021,Apple AirPods Pro,Headphone,Bruce,Bangalore,12,315,"3,780"
08-01-2021,HP Envy x360,Laptop,Tara,Bangalore,4,"1,080","4,320"
08-01-2021,iPhone 11 Pro,Phone,Tara,Bangalore,4,"1,575","6,300"
08-01-2021,OnePlus 8 Pro,Phone,Tara,Bangalore,10,790,"7,900"
08-01-2021,Dell XPS 13,Laptop,Kate,Mumbai,5,"2,001","10,005"
08-01-2021,OnePlus Buds,Headphone,Krish,Mumbai,40,75,"3,000"
08-01-2021,Apple AirPods Pro,Headphone,Krish,Mumbai,15,315,"4,725"
08-01-2021,HP Envy x360,Laptop,Kate,Mumbai,6,"1,080","6,480"
08-01-2021,iPhone 11 Pro,Phone,Krish,Mumbai,3,"1,575","4,725"
08-01-2021,OnePlus 8 Pro,Phone,Krish,Mumbai,10,790,"7,900"
08-01-2021,Dell XPS 13,Laptop,Asif,Cochin,3,"2,001","6,003"
08-01-2021,OnePlus Buds,Headphone,Asif,Cochin,33,75,"2,475"
08-01-2021,Apple AirPods Pro,Headphone,Asif,Cochin,11,315,"3,465"
08-01-2021,HP Envy x360,Laptop,Asif,Cochin,2,"1,080","2,160"
08-01-2021,iPhone 11 Pro,Phone,Giana,Cochin,3,"1,575","4,725"
08-01-2021,OnePlus 8 Pro,Phone,Giana,Cochin,5,790,"3,950"
08-01-2021,Dell XPS 13,Laptop,Aryan,Delhi,5,"2,001","10,005"
08-01-2021,OnePlus Buds,Headphone,Aryan,Delhi,41,75,"3,075"
08-01-2021,Apple AirPods Pro,Headphone,Aryan,Delhi,11,315,"3,465"
08-01-2021,HP Envy x360,Laptop,Aryan,Delhi,4,"1,080","4,320"
08-01-2021,iPhone 11 Pro,Phone,Leila,Delhi,6,"1,575","9,450"
08-01-2021,OnePlus 8 Pro,Phone,Leila,Delhi,8,790,"6,320"
08-01-2021,Dell XPS 13,Laptop,Amar,Hyderabad,6,"2,001","12,006"
08-01-2021,OnePlus Buds,Headphone,Laxmi,Hyderabad,44,75,"3,300"
08-01-2021,Apple AirPods Pro,Headphone,Laxmi,Hyderabad,13,315,"4,095"
08-01-2021,HP Envy x360,Laptop,Amar,Hyderabad,4,"1,080","4,320"
08-01-2021,iPhone 11 Pro,Phone,Laxmi,Hyderabad,5,"1,575","7,875"
08-01-2021,OnePlus 8 Pro,Phone,Laxmi,Hyderabad,8,790,"6,320"
15-01-2021,Dell XPS 13,Laptop,Tara,Bangalore,6,"2,001","12,006"
15-01-2021,OnePlus Buds,Headphone,Bruce,Bangalore,40,75,"3,000"
15-01-2021,Apple AirPods Pro,Headphone,Bruce,Bangalore,12,315,"3,780"
15-01-2021,HP Envy x360,Laptop,Tara,Bangalore,3,"1,080","3,240"
15-01-2021,iPhone 11 Pro,Phone,Tara,Bangalore,6,"1,575","9,450"
15-01-2021,OnePlus 8 Pro,Phone,Tara,Bangalore,11,790,"8,690"
15-01-2021,Dell XPS 13,Laptop,Kate,Mumbai,4,"2,001","8,004"
15-01-2021,OnePlus Buds,Headphone,Krish,Mumbai,60,75,"4,500"
15-01-2021,Apple AirPods Pro,Headphone,Krish,Mumbai,15,315,"4,725"
15-01-2021,HP Envy x360,Laptop,Kate,Mumbai,3,"1,080","3,240"
15-01-2021,iPhone 11 Pro,Phone,Krish,Mumbai,5,"1,575","7,875"
15-01-2021,OnePlus 8 Pro,Phone,Krish,Mumbai,6,790,"4,740"
15-01-2021,Dell XPS 13,Laptop,Asif,Cochin,4,"2,001","8,004"
15-01-2021,OnePlus Buds,Headphone,Asif,Cochin,33,75,"2,475"
15-01-2021,Apple AirPods Pro,Headphone,Asif,Cochin,5,315,"1,575"
15-01-2021,HP Envy x360,Laptop,Asif,Cochin,1,"1,080","1,080"
15-01-2021,iPhone 11 Pro,Phone,Giana,Cochin,5,"1,575","7,875"
15-01-2021,OnePlus 8 Pro,Phone,Giana,Cochin,3,790,"2,370"
15-01-2021,Dell XPS 13,Laptop,Aryan,Delhi,3,"2,001","6,003"
15-01-2021,OnePlus Buds,Headphone,Aryan,Delhi,45,75,"3,375"
15-01-2021,Apple AirPods Pro,Headphone,Aryan,Delhi,8,315,"2,520"
15-01-2021,HP Envy x360,Laptop,Aryan,Delhi,3,"1,080","3,240"
15-01-2021,iPhone 11 Pro,Phone,Leila,Delhi,6,"1,575","9,450"
15-01-2021,OnePlus 8 Pro,Phone,Leila,Delhi,5,790,"3,950"
15-01-2021,Dell XPS 13,Laptop,Amar,Hyderabad,3,"2,001","6,003"
15-01-2021,OnePlus Buds,Headphone,Laxmi,Hyderabad,39,75,"2,925"
15-01-2021,Apple AirPods Pro,Headphone,Laxmi,Hyderabad,7,315,"2,205"
15-01-2021,HP Envy x360,Laptop,Amar,Hyderabad,6,"1,080","6,480"
15-01-2021,iPhone 11 Pro,Phone,Laxmi,Hyderabad,6,"1,575","9,450"
15-01-2021,OnePlus 8 Pro,Phone,Laxmi,Hyderabad,7,790,"5,530"
22-01-2021,Dell XPS 13,Laptop,Tara,Bangalore,3,"2,001","6,003"
22-01-2021,OnePlus Buds,Headphone,Bruce,Bangalore,51,75,"3,825"
22-01-2021,Apple AirPods Pro,Headphone,Bruce,Bangalore,5,315,"1,575"
22-01-2021,HP Envy x360,Laptop,Tara,Bangalore,6,"1,080","6,480"
22-01-2021,iPhone 11 Pro,Phone,Tara,Bangalore,3,"1,575","4,725"
22-01-2021,OnePlus 8 Pro,Phone,Tara,Bangalore,5,790,"3,950"
22-01-2021,Dell XPS 13,Laptop,Kate,Mumbai,5,"2,001","10,005"
22-01-2021,OnePlus Buds,Headphone,Krish,Mumbai,55,75,"4,125"
22-01-2021,Apple AirPods Pro,Headphone,Krish,Mumbai,10,315,"3,150"
22-01-2021,HP Envy x360,Laptop,Kate,Mumbai,3,"1,080","3,240"
22-01-2021,iPhone 11 Pro,Phone,Krish,Mumbai,3,"1,575","4,725"
22-01-2021,OnePlus 8 Pro,Phone,Krish,Mumbai,8,790,"6,320"
22-01-2021,Dell XPS 13,Laptop,Asif,Cochin,4,"2,001","8,004"
22-01-2021,OnePlus Buds,Headphone,Asif,Cochin,31,75,"2,325"
22-01-2021,Apple AirPods Pro,Headphone,Asif,Cochin,4,315,"1,260"
22-01-2021,HP Envy x360,Laptop,Asif,Cochin,3,"1,080","3,240"
22-01-2021,iPhone 11 Pro,Phone,Giana,Cochin,3,"1,575","4,725"
22-01-2021,OnePlus 8 Pro,Phone,Giana,Cochin,10,790,"7,900"
22-01-2021,Dell XPS 13,Laptop,Aryan,Delhi,5,"2,001","10,005"
22-01-2021,OnePlus Buds,Headphone,Aryan,Delhi,56,75,"4,200"
22-01-2021,Apple AirPods Pro,Headphone,Aryan,Delhi,15,315,"4,725"
22-01-2021,HP Envy x360,Laptop,Aryan,Delhi,2,"1,080","2,160"
22-01-2021,iPhone 11 Pro,Phone,Leila,Delhi,5,"1,575","7,875"
22-01-2021,OnePlus 8 Pro,Phone,Leila,Delhi,7,790,"5,530"
22-01-2021,Dell XPS 13,Laptop,Amar,Hyderabad,3,"2,001","6,003"
22-01-2021,OnePlus Buds,Headphone,Laxmi,Hyderabad,30,75,"2,250"
22-01-2021,Apple AirPods Pro,Headphone,Laxmi,Hyderabad,10,315,"3,150"
22-01-2021,HP Envy x360,Laptop,Amar,Hyderabad,5,"1,080","5,400"
22-01-2021,iPhone 11 Pro,Phone,Laxmi,Hyderabad,5,"1,575","7,875"
22-01-2021,OnePlus 8 Pro,Phone,Laxmi,Hyderabad,6,790,"4,740"
29-01-2021,Dell XPS 13,Laptop,Tara,Bangalore,4,"2,001","8,004"
29-01-2021,OnePlus Buds,Headphone,Bruce,Bangalore,56,75,"4,200"
29-01-2021,Apple AirPods Pro,Headphone,Bruce,Bangalore,13,315,"4,095"
29-01-2021,HP Envy x360,Laptop,Tara,Bangalore,5,"1,080","5,400"
29-01-2021,iPhone 11 Pro,Phone,Tara,Bangalore,4,"1,575","6,300"
29-01-2021,OnePlus 8 Pro,Phone,Tara,Bangalore,8,790,"6,320"
29-01-2021,Dell XPS 13,Laptop,Kate,Mumbai,3,"2,001","6,003"
29-01-2021,OnePlus Buds,Headphone,Krish,Mumbai,56,75,"4,200"
29-01-2021,Apple AirPods Pro,Headphone,Krish,Mumbai,8,315,"2,520"
29-01-2021,HP Envy x360,Laptop,Kate,Mumbai,4,"1,080","4,320"
29-01-2021,iPhone 11 Pro,Phone,Krish,Mumbai,6,"1,575","9,450"
29-01-2021,OnePlus 8 Pro,Phone,Krish,Mumbai,10,790,"7,900"
29-01-2021,Dell XPS 13,Laptop,Asif,Cochin,6,"2,001","12,006"
29-01-2021,OnePlus Buds,Headphone,Asif,Cochin,44,75,"3,300"
29-01-2021,Apple AirPods Pro,Headphone,Asif,Cochin,8,315,"2,520"
29-01-2021,HP Envy x360,Laptop,Asif,Cochin,5,"1,080","5,400"
29-01-2021,iPhone 11 Pro,Phone,Giana,Cochin,2,"1,575","3,150"
29-01-2021,OnePlus 8 Pro,Phone,Giana,Cochin,2,790,"1,580"
29-01-2021,Dell XPS 13,Laptop,Aryan,Delhi,6,"2,001","12,006"
29-01-2021,OnePlus Buds,Headphone,Aryan,Delhi,58,75,"4,350"
29-01-2021,Apple AirPods Pro,Headphone,Aryan,Delhi,14,315,"4,410"
29-01-2021,HP Envy x360,Laptop,Aryan,Delhi,4,"1,080","4,320"
29-01-2021,iPhone 11 Pro,Phone,Leila,Delhi,3,"1,575","4,725"
29-01-2021,OnePlus 8 Pro,Phone,Leila,Delhi,6,790,"4,740"
29-01-2021,Dell XPS 13,Laptop,Amar,Hyderabad,6,"2,001","12,006"
29-01-2021,OnePlus Buds,Headphone,Laxmi,Hyderabad,37,75,"2,775"
29-01-2021,Apple AirPods Pro,Headphone,Laxmi,Hyderabad,13,315,"4,095"
29-01-2021,HP Envy x360,Laptop,Amar,Hyderabad,5,"1,080","5,400"
29-01-2021,iPhone 11 Pro,Phone,Laxmi,Hyderabad,3,"1,575","4,725"
29-01-2021,OnePlus 8 Pro,Phone,Laxmi,Hyderabad,10,790,"7,900"
05-02-2021,Dell XPS 13,Laptop,Tara,Bangalore,5,"2,001","10,005"
05-02-2021,OnePlus Buds,Headphone,Bruce,Bangalore,48,75,"3,600"
05-02-2021,Apple AirPods Pro,Headphone,Bruce,Bangalore,12,315,"3,780"
05-02-2021,HP Envy x360,Laptop,Tara,Bangalore,2,"1,080","2,160"
05-02-2021,iPhone 11 Pro,Phone,Tara,Bangalore,6,"1,575","9,450"
05-02-2021,OnePlus 8 Pro,Phone,Tara,Bangalore,6,790,"4,740"
05-02-2021,Dell XPS 13,Laptop,Kate,Mumbai,6,"2,001","12,006"
05-02-2021,OnePlus Buds,Headphone,Krish,Mumbai,90,75,"6,750"
05-02-2021,Apple AirPods Pro,Headphone,Krish,Mumbai,15,315,"4,725"
05-02-2021,HP Envy x360,Laptop,Kate,Mumbai,4,"1,080","4,320"
05-02-2021,iPhone 11 Pro,Phone,Krish,Mumbai,4,"1,575","6,300"
05-02-2021,OnePlus 8 Pro,Phone,Kate,Mumbai,11,790,"8,690"
05-02-2021,Dell XPS 13,Laptop,Asif,Cochin,4,"2,001","8,004"
05-02-2021,OnePlus Buds,Headphone,Giana,Cochin,35,75,"2,625"
05-02-2021,Apple AirPods Pro,Headphone,Giana,Cochin,11,315,"3,465"
05-02-2021,HP Envy x360,Laptop,Asif,Cochin,4,"1,080","4,320"
05-02-2021,iPhone 11 Pro,Phone,Giana,Cochin,5,"1,575","7,875"
05-02-2021,OnePlus 8 Pro,Phone,Giana,Cochin,6,790,"4,740"
05-02-2021,Dell XPS 13,Laptop,Aryan,Delhi,5,"2,001","10,005"
05-02-2021,OnePlus Buds,Headphone,Aryan,Delhi,59,75,"4,425"
05-02-2021,Apple AirPods Pro,Headphone,Aryan,Delhi,5,315,"1,575"
05-02-2021,HP Envy x360,Laptop,Aryan,Delhi,5,"1,080","5,400"
05-02-2021,iPhone 11 Pro,Phone,Leila,Delhi,3,"1,575","4,725"
05-02-2021,OnePlus 8 Pro,Phone,Leila,Delhi,10,790,"7,900"
05-02-2021,Dell XPS 13,Laptop,Amar,Hyderabad,6,"2,001","12,006"
05-02-2021,OnePlus Buds,Headphone,Laxmi,Hyderabad,32,75,"2,400"
05-02-2021,Apple AirPods Pro,Headphone,Laxmi,Hyderabad,9,315,"2,835"
05-02-2021,HP Envy x360,Laptop,Amar,Hyderabad,3,"1,080","3,240"
05-02-2021,iPhone 11 Pro,Phone,Laxmi,Hyderabad,6,"1,575","9,450"
05-02-2021,OnePlus 8 Pro,Phone,Laxmi,Hyderabad,10,790,"7,900"
12-02-2021,Dell XPS 13,Laptop,Tara,Bangalore,3,"2,001","6,003"
12-02-2021,OnePlus Buds,Headphone,Bruce,Bangalore,39,75,"2,925"
12-02-2021,Apple AirPods Pro,Headphone,Bruce,Bangalore,12,315,"3,780"
12-02-2021,HP Envy x360,Laptop,Tara,Bangalore,4,"1,080","4,320"
12-02-2021,iPhone 11 Pro,Phone,Tara,Bangalore,5,"1,575","7,875"
12-02-2021,OnePlus 8 Pro,Phone,Tara,Bangalore,10,790,"7,900"
12-02-2021,Dell XPS 13,Laptop,Kate,Mumbai,4,"2,001","8,004"
12-02-2021,OnePlus Buds,Headphone,Krish,Mumbai,62,75,"4,650"
12-02-2021,Apple AirPods Pro,Headphone,Krish,Mumbai,15,315,"4,725"
12-02-2021,HP Envy x360,Laptop,Kate,Mumbai,5,"1,080","5,400"
12-02-2021,iPhone 11 Pro,Phone,Kate,Mumbai,5,"1,575","7,875"
12-02-2021,OnePlus 8 Pro,Phone,Kate,Mumbai,11,790,"8,690"
12-02-2021,Dell XPS 13,Laptop,Asif,Cochin,2,"2,001","4,002"
12-02-2021,OnePlus Buds,Headphone,Giana,Cochin,35,75,"2,625"
12-02-2021,Apple AirPods Pro,Headphone,Giana,Cochin,5,315,"1,575"
12-02-2021,HP Envy x360,Laptop,Asif,Cochin,2,"1,080","2,160"
12-02-2021,iPhone 11 Pro,Phone,Giana,Cochin,2,"1,575","3,150"
12-02-2021,OnePlus 8 Pro,Phone,Giana,Cochin,5,790,"3,950"
12-02-2021,Dell XPS 13,Laptop,Aryan,Delhi,4,"2,001","8,004"
12-02-2021,OnePlus Buds,Headphone,Aryan,Delhi,55,75,"4,125"
12-02-2021,Apple AirPods Pro,Headphone,Aryan,Delhi,14,315,"4,410"
12-02-2021,HP Envy x360,Laptop,Aryan,Delhi,6,"1,080","6,480"
12-02-2021,iPhone 11 Pro,Phone,Leila,Delhi,5,"1,575","7,875"
12-02-2021,OnePlus 8 Pro,Phone,Leila,Delhi,8,790,"6,320"
12-02-2021,Dell XPS 13,Laptop,Amar,Hyderabad,5,"2,001","10,005"
12-02-2021,OnePlus Buds,Headphone,Laxmi,Hyderabad,31,75,"2,325"
12-02-2021,Apple AirPods Pro,Headphone,Laxmi,Hyderabad,8,315,"2,520"
12-02-2021,HP Envy x360,Laptop,Amar,Hyderabad,2,"1,080","2,160"
12-02-2021,iPhone 11 Pro,Phone,Laxmi,Hyderabad,2,"1,575","3,150"
12-02-2021,OnePlus 8 Pro,Phone,Laxmi,Hyderabad,5,790,"3,950"
19-02-2021,Dell XPS 13,Laptop,Tara,Bangalore,6,"2,001","12,006"
19-02-2021,OnePlus Buds,Headphone,Bruce,Bangalore,37,75,"2,775"
19-02-2021,Apple AirPods Pro,Headphone,Bruce,Bangalore,12,315,"3,780"
19-02-2021,HP Envy x360,Laptop,Tara,Bangalore,4,"1,080","4,320"
19-02-2021,iPhone 11 Pro,Phone,Tara,Bangalore,6,"1,575","9,450"
19-02-2021,OnePlus 8 Pro,Phone,Tara,Bangalore,6,790,"4,740"
19-02-2021,Dell XPS 13,Laptop,Kate,Mumbai,3,"2,001","6,003"
19-02-2021,OnePlus Buds,Headphone,Krish,Mumbai,70,75,"5,250"
19-02-2021,Apple AirPods Pro,Headphone,Krish,Mumbai,15,315,"4,725"
19-02-2021,HP Envy x360,Laptop,Kate,Mumbai,6,"1,080","6,480"
19-02-2021,iPhone 11 Pro,Phone,Kate,Mumbai,6,"1,575","9,450"
19-02-2021,OnePlus 8 Pro,Phone,Kate,Mumbai,10,790,"7,900"
19-02-2021,Dell XPS 13,Laptop,Asif,Cochin,2,"2,001","4,002"
19-02-2021,OnePlus Buds,Headphone,Giana,Cochin,41,75,"3,075"
19-02-2021,Apple AirPods Pro,Headphone,Giana,Cochin,4,315,"1,260"
19-02-2021,HP Envy x360,Laptop,Asif,Cochin,2,"1,080","2,160"
19-02-2021,iPhone 11 Pro,Phone,Giana,Cochin,2,"1,575","3,150"
19-02-2021,OnePlus 8 Pro,Phone,Giana,Cochin,6,790,"4,740"
19-02-2021,Dell XPS 13,Laptop,Aryan,Delhi,4,"2,001","8,004"
19-02-2021,OnePlus Buds,Headphone,Leila,Delhi,49,75,"3,675"
19-02-2021,Apple AirPods Pro,Headphone,Leila,Delhi,13,315,"4,095"
19-02-2021,HP Envy x360,Laptop,Aryan,Delhi,4,"1,080","4,320"
19-02-2021,iPhone 11 Pro,Phone,Leila,Delhi,3,"1,575","4,725"
19-02-2021,OnePlus 8 Pro,Phone,Leila,Delhi,6,790,"4,740"
19-02-2021,Dell XPS 13,Laptop,Amar,Hyderabad,6,"2,001","12,006"
19-02-2021,OnePlus Buds,Headphone,Laxmi,Hyderabad,58,75,"4,350"
19-02-2021,Apple AirPods Pro,Headphone,Laxmi,Hyderabad,13,315,"4,095"
19-02-2021,HP Envy x360,Laptop,Amar,Hyderabad,2,"1,080","2,160"
19-02-2021,iPhone 11 Pro,Phone,Laxmi,Hyderabad,2,"1,575","3,150"
19-02-2021,OnePlus 8 Pro,Phone,Laxmi,Hyderabad,11,790,"8,690"
26-02-2021,Dell XPS 13,Laptop,Tara,Bangalore,4,"2,001","8,004"
26-02-2021,OnePlus Buds,Headphone,Bruce,Bangalore,31,75,"2,325"
26-02-2021,Apple AirPods Pro,Headphone,Bruce,Bangalore,9,315,"2,835"
26-02-2021,HP Envy x360,Laptop,Tara,Bangalore,2,"1,080","2,160"
26-02-2021,iPhone 11 Pro,Phone,Tara,Bangalore,5,"1,575","7,875"
26-02-2021,OnePlus 8 Pro,Phone,Tara,Bangalore,9,790,"7,110"
26-02-2021,Dell XPS 13,Laptop,Kate,Mumbai,3,"2,001","6,003"
26-02-2021,OnePlus Buds,Headphone,Krish,Mumbai,56,75,"4,200"
26-02-2021,Apple AirPods Pro,Headphone,Krish,Mumbai,15,315,"4,725"
26-02-2021,HP Envy x360,Laptop,Kate,Mumbai,4,"1,080","4,320"
26-02-2021,iPhone 11 Pro,Phone,Kate,Mumbai,3,"1,575","4,725"
26-02-2021,OnePlus 8 Pro,Phone,Kate,Mumbai,10,790,"7,900"
26-02-2021,Dell XPS 13,Laptop,Asif,Cochin,5,"2,001","10,005"
26-02-2021,OnePlus Buds,Headphone,Giana,Cochin,34,75,"2,550"
26-02-2021,Apple AirPods Pro,Headphone,Giana,Cochin,10,315,"3,150"
26-02-2021,HP Envy x360,Laptop,Asif,Cochin,1,"1,080","1,080"
26-02-2021,iPhone 11 Pro,Phone,Giana,Cochin,5,"1,575","7,875"
26-02-2021,OnePlus 8 Pro,Phone,Giana,Cochin,6,790,"4,740"
26-02-2021,Dell XPS 13,Laptop,Aryan,Delhi,4,"2,001","8,004"
26-02-2021,OnePlus Buds,Headphone,Leila,Delhi,49,75,"3,675"
26-02-2021,Apple AirPods Pro,Headphone,Leila,Delhi,10,315,"3,150"
26-02-2021,HP Envy x360,Laptop,Aryan,Delhi,6,"1,080","6,480"
26-02-2021,iPhone 11 Pro,Phone,Leila,Delhi,5,"1,575","7,875"
26-02-2021,OnePlus 8 Pro,Phone,Leila,Delhi,8,790,"6,320"
26-02-2021,Dell XPS 13,Laptop,Amar,Hyderabad,5,"2,001","10,005"
26-02-2021,OnePlus Buds,Headphone,Laxmi,Hyderabad,45,75,"3,375"
26-02-2021,Apple AirPods Pro,Headphone,Laxmi,Hyderabad,11,315,"3,465"
26-02-2021,HP Envy x360,Laptop,Amar,Hyderabad,6,"1,080","6,480"
26-02-2021,iPhone 11 Pro,Phone,Laxmi,Hyderabad,2,"1,575","3,150"
26-02-2021,OnePlus 8 Pro,Phone,Laxmi,Hyderabad,7,790,"5,530"
05-03-2021,Dell XPS 13,Laptop,Tara,Bangalore,3,"2,001","6,003"
05-03-2021,OnePlus Buds,Headphone,Bruce,Bangalore,57,75,"4,275"
05-03-2021,Apple AirPods Pro,Headphone,Bruce,Bangalore,11,315,"3,465"
05-03-2021,HP Envy x360,Laptop,Tara,Bangalore,5,"1,080","5,400"
05-03-2021,iPhone 11 Pro,Phone,Tara,Bangalore,4,"1,575","6,300"
05-03-2021,OnePlus 8 Pro,Phone,Tara,Bangalore,9,790,"7,110"
05-03-2021,Dell XPS 13,Laptop,Kate,Mumbai,6,"2,001","12,006"
05-03-2021,OnePlus Buds,Headphone,Krish,Mumbai,71,75,"5,325"
05-03-2021,Apple AirPods Pro,Headphone,Krish,Mumbai,16,315,"5,040"
05-03-2021,HP Envy x360,Laptop,Kate,Mumbai,4,"1,080","4,320"
05-03-2021,iPhone 11 Pro,Phone,Kate,Mumbai,2,"1,575","3,150"
05-03-2021,OnePlus 8 Pro,Phone,Kate,Mumbai,6,790,"4,740"
05-03-2021,Dell XPS 13,Laptop,Asif,Cochin,3,"2,001","6,003"
05-03-2021,OnePlus Buds,Headphone,Giana,Cochin,35,75,"2,625"
05-03-2021,Apple AirPods Pro,Headphone,Giana,Cochin,5,315,"1,575"
05-03-2021,HP Envy x360,Laptop,Asif,Cochin,1,"1,080","1,080"
05-03-2021,iPhone 11 Pro,Phone,Giana,Cochin,2,"1,575","3,150"
05-03-2021,OnePlus 8 Pro,Phone,Giana,Cochin,5,790,"3,950"
05-03-2021,Dell XPS 13,Laptop,Aryan,Delhi,3,"2,001","6,003"
05-03-2021,OnePlus Buds,Headphone,Leila,Delhi,33,75,"2,475"
05-03-2021,Apple AirPods Pro,Headphone,Leila,Delhi,15,315,"4,725"
05-03-2021,HP Envy x360,Laptop,Aryan,Delhi,5,"1,080","5,400"
05-03-2021,iPhone 11 Pro,Phone,Leila,Delhi,4,"1,575","6,300"
05-03-2021,OnePlus 8 Pro,Phone,Leila,Delhi,10,790,"7,900"
05-03-2021,Dell XPS 13,Laptop,Amar,Hyderabad,4,"2,001","8,004"
05-03-2021,OnePlus Buds,Headphone,Laxmi,Hyderabad,40,75,"3,000"
05-03-2021,Apple AirPods Pro,Headphone,Laxmi,Hyderabad,15,315,"4,725"
05-03-2021,HP Envy x360,Laptop,Amar,Hyderabad,2,"1,080","2,160"
05-03-2021,iPhone 11 Pro,Phone,Laxmi,Hyderabad,4,"1,575","6,300"
05-03-2021,OnePlus 8 Pro,Phone,Laxmi,Hyderabad,9,790,"7,110"
12-03-2021,Dell XPS 13,Laptop,Tara,Bangalore,6,"2,001","12,006"
12-03-2021,OnePlus Buds,Headphone,Bruce,Bangalore,60,75,"4,500"
12-03-2021,Apple AirPods Pro,Headphone,Bruce,Bangalore,12,315,"3,780"
12-03-2021,HP Envy x360,Laptop,Tara,Bangalore,4,"1,080","4,320"
12-03-2021,iPhone 11 Pro,Phone,Tara,Bangalore,2,"1,575","3,150"
12-03-2021,OnePlus 8 Pro,Phone,Tara,Bangalore,7,790,"5,530"
12-03-2021,Dell XPS 13,Laptop,Kate,Mumbai,6,"2,001","12,006"
12-03-2021,OnePlus Buds,Headphone,Krish,Mumbai,55,75,"4,125"
12-03-2021,Apple AirPods Pro,Headphone,Krish,Mumbai,9,315,"2,835"
12-03-2021,HP Envy x360,Laptop,Kate,Mumbai,6,"1,080","6,480"
12-03-2021,iPhone 11 Pro,Phone,Kate,Mumbai,5,"1,575","7,875"
12-03-2021,OnePlus 8 Pro,Phone,Kate,Mumbai,7,790,"5,530"
12-03-2021,Dell XPS 13,Laptop,Asif,Cochin,1,"2,001","2,001"
12-03-2021,OnePlus Buds,Headphone,Giana,Cochin,25,75,"1,875"
12-03-2021,Apple AirPods Pro,Headphone,Giana,Cochin,5,315,"1,575"
12-03-2021,HP Envy x360,Laptop,Asif,Cochin,2,"1,080","2,160"
12-03-2021,iPhone 11 Pro,Phone,Giana,Cochin,1,"1,575","1,575"
12-03-2021,OnePlus 8 Pro,Phone,Giana,Cochin,6,790,"4,740"
12-03-2021,Dell XPS 13,Laptop,Aryan,Delhi,5,"2,001","10,005"
12-03-2021,OnePlus Buds,Headphone,Leila,Delhi,38,75,"2,850"
12-03-2021,Apple AirPods Pro,Headphone,Leila,Delhi,9,315,"2,835"
12-03-2021,HP Envy x360,Laptop,Aryan,Delhi,4,"1,080","4,320"
12-03-2021,iPhone 11 Pro,Phone,Leila,Delhi,5,"1,575","7,875"
12-03-2021,OnePlus 8 Pro,Phone,Leila,Delhi,6,790,"4,740"
12-03-2021,Dell XPS 13,Laptop,Amar,Hyderabad,4,"2,001","8,004"
12-03-2021,OnePlus Buds,Headphone,Laxmi,Hyderabad,48,75,"3,600"
12-03-2021,Apple AirPods Pro,Headphone,Laxmi,Hyderabad,8,315,"2,520"
12-03-2021,HP Envy x360,Laptop,Amar,Hyderabad,3,"1,080","3,240"
12-03-2021,iPhone 11 Pro,Phone,Laxmi,Hyderabad,4,"1,575","6,300"
12-03-2021,OnePlus 8 Pro,Phone,Laxmi,Hyderabad,5,790,"3,950"
19-03-2021,Dell XPS 13,Laptop,Tara,Bangalore,3,"2,001","6,003"
19-03-2021,OnePlus Buds,Headphone,Bruce,Bangalore,47,75,"3,525"
19-03-2021,Apple AirPods Pro,Headphone,Bruce,Bangalore,15,315,"4,725"
19-03-2021,HP Envy x360,Laptop,Tara,Bangalore,3,"1,080","3,240"
19-03-2021,iPhone 11 Pro,Phone,Tara,Bangalore,5,"1,575","7,875"
19-03-2021,OnePlus 8 Pro,Phone,Tara,Bangalore,6,790,"4,740"
19-03-2021,Dell XPS 13,Laptop,Kate,Mumbai,4,"2,001","8,004"
19-03-2021,OnePlus Buds,Headphone,Krish,Mumbai,66,75,"4,950"
19-03-2021,Apple AirPods Pro,Headphone,Krish,Mumbai,10,315,"3,150"
19-03-2021,HP Envy x360,Laptop,Kate,Mumbai,2,"1,080","2,160"
19-03-2021,iPhone 11 Pro,Phone,Kate,Mumbai,6,"1,575","9,450"
19-03-2021,OnePlus 8 Pro,Phone,Krish,Mumbai,8,790,"6,320"
19-03-2021,Dell XPS 13,Laptop,Asif,Cochin,4,"2,001","8,004"
19-03-2021,OnePlus Buds,Headphone,Giana,Cochin,25,75,"1,875"
19-03-2021,Apple AirPods Pro,Headphone,Giana,Cochin,4,315,"1,260"
19-03-2021,HP Envy x360,Laptop,Asif,Cochin,4,"1,080","4,320"
19-03-2021,iPhone 11 Pro,Phone,Giana,Cochin,1,"1,575","1,575"
19-03-2021,OnePlus 8 Pro,Phone,Giana,Cochin,5,790,"3,950"
19-03-2021,Dell XPS 13,Laptop,Aryan,Delhi,5,"2,001","10,005"
19-03-2021,OnePlus Buds,Headphone,Leila,Delhi,41,75,"3,075"
19-03-2021,Apple AirPods Pro,Headphone,Leila,Delhi,9,315,"2,835"
19-03-2021,HP Envy x360,Laptop,Aryan,Delhi,4,"1,080","4,320"
19-03-2021,iPhone 11 Pro,Phone,Leila,Delhi,6,"1,575","9,450"
19-03-2021,OnePlus 8 Pro,Phone,Leila,Delhi,11,790,"8,690"
19-03-2021,Dell XPS 13,Laptop,Amar,Hyderabad,4,"2,001","8,004"
19-03-2021,OnePlus Buds,Headphone,Laxmi,Hyderabad,56,75,"4,200"
19-03-2021,Apple AirPods Pro,Headphone,Laxmi,Hyderabad,10,315,"3,150"
19-03-2021,HP Envy x360,Laptop,Amar,Hyderabad,6,"1,080","6,480"
19-03-2021,iPhone 11 Pro,Phone,Laxmi,Hyderabad,5,"1,575","7,875"
19-03-2021,OnePlus 8 Pro,Phone,Laxmi,Hyderabad,8,790,"6,320"
26-03-2021,Dell XPS 13,Laptop,Tara,Bangalore,6,"2,001","12,006"
26-03-2021,OnePlus Buds,Headphone,Bruce,Bangalore,59,75,"4,425"
26-03-2021,Apple AirPods Pro,Headphone,Bruce,Bangalore,12,315,"3,780"
26-03-2021,HP Envy x360,Laptop,Tara,Bangalore,5,"1,080","5,400"
26-03-2021,iPhone 11 Pro,Phone,Tara,Bangalore,3,"1,575","4,725"
26-03-2021,OnePlus 8 Pro,Phone,Tara,Bangalore,7,790,"5,530"
26-03-2021,Dell XPS 13,Laptop,Kate,Mumbai,3,"2,001","6,003"
26-03-2021,OnePlus Buds,Headphone,Krish,Mumbai,35,75,"2,625"
26-03-2021,Apple AirPods Pro,Headphone,Krish,Mumbai,12,315,"3,780"
26-03-2021,HP Envy x360,Laptop,Kate,Mumbai,3,"1,080","3,240"
26-03-2021,iPhone 11 Pro,Phone,Krish,Mumbai,5,"1,575","7,875"
26-03-2021,OnePlus 8 Pro,Phone,Krish,Mumbai,5,790,"3,950"
26-03-2021,Dell XPS 13,Laptop,Asif,Cochin,2,"2,001","4,002"
26-03-2021,OnePlus Buds,Headphone,Giana,Cochin,25,75,"1,875"
26-03-2021,Apple AirPods Pro,Headphone,Giana,Cochin,9,315,"2,835"
26-03-2021,HP Envy x360,Laptop,Asif,Cochin,2,"1,080","2,160"
26-03-2021,iPhone 11 Pro,Phone,Giana,Cochin,6,"1,575","9,450"
26-03-2021,OnePlus 8 Pro,Phone,Giana,Cochin,9,790,"7,110"
26-03-2021,Dell XPS 13,Laptop,Aryan,Delhi,4,"2,001","8,004"
26-03-2021,OnePlus Buds,Headphone,Leila,Delhi,44,75,"3,300"
26-03-2021,Apple AirPods Pro,Headphone,Leila,Delhi,6,315,"1,890"
26-03-2021,HP Envy x360,Laptop,Aryan,Delhi,5,"1,080","5,400"
26-03-2021,iPhone 11 Pro,Phone,Leila,Delhi,3,"1,575","4,725"
26-03-2021,OnePlus 8 Pro,Phone,Leila,Delhi,8,790,"6,320"
26-03-2021,Dell XPS 13,Laptop,Amar,Hyderabad,4,"2,001","8,004"
26-03-2021,OnePlus Buds,Headphone,Laxmi,Hyderabad,51,75,"3,825"
26-03-2021,Apple AirPods Pro,Headphone,Laxmi,Hyderabad,10,315,"3,150"
26-03-2021,HP Envy x360,Laptop,Amar,Hyderabad,4,"1,080","4,320"
26-03-2021,iPhone 11 Pro,Phone,Laxmi,Hyderabad,5,"1,575","7,875"
26-03-2021,OnePlus 8 Pro,Phone,Laxmi,Hyderabad,9,790,"7,110"
02-04-2021,Dell XPS 13,Laptop,Tara,Bangalore,6,"2,001","12,006"
02-04-2021,OnePlus Buds,Headphone,Bruce,Bangalore,50,75,"3,750"
02-04-2021,Apple AirPods Pro,Headphone,Bruce,Bangalore,6,315,"1,890"
02-04-2021,HP Envy x360,Laptop,Tara,Bangalore,5,"1,080","5,400"
02-04-2021,iPhone 11 Pro,Phone,Tara,Bangalore,4,"1,575","6,300"
02-04-2021,OnePlus 8 Pro,Phone,Tara,Bangalore,8,790,"6,320"
02-04-2021,Dell XPS 13,Laptop,Kate,Mumbai,6,"2,001","12,006"
02-04-2021,OnePlus Buds,Headphone,Krish,Mumbai,45,75,"3,375"
02-04-2021,Apple AirPods Pro,Headphone,Krish,Mumbai,15,315,"4,725"
02-04-2021,HP Envy x360,Laptop,Kate,Mumbai,6,"1,080","6,480"
02-04-2021,iPhone 11 Pro,Phone,Krish,Mumbai,2,"1,575","3,150"
02-04-2021,OnePlus 8 Pro,Phone,Krish,Mumbai,10,790,"7,900"
02-04-2021,Dell XPS 13,Laptop,Asif,Cochin,6,"2,001","12,006"
02-04-2021,OnePlus Buds,Headphone,Giana,Cochin,43,75,"3,225"
02-04-2021,Apple AirPods Pro,Headphone,Asif,Cochin,6,315,"1,890"
02-04-2021,HP Envy x360,Laptop,Asif,Cochin,3,"1,080","3,240"
02-04-2021,iPhone 11 Pro,Phone,Giana,Cochin,3,"1,575","4,725"
02-04-2021,OnePlus 8 Pro,Phone,Giana,Cochin,8,790,"6,320"
02-04-2021,Dell XPS 13,Laptop,Aryan,Delhi,3,"2,001","6,003"
02-04-2021,OnePlus Buds,Headphone,Aryan,Delhi,38,75,"2,850"
02-04-2021,Apple AirPods Pro,Headphone,Aryan,Delhi,12,315,"3,780"
02-04-2021,HP Envy x360,Laptop,Aryan,Delhi,2,"1,080","2,160"
02-04-2021,iPhone 11 Pro,Phone,Leila,Delhi,6,"1,575","9,450"
02-04-2021,OnePlus 8 Pro,Phone,Leila,Delhi,8,790,"6,320"
02-04-2021,Dell XPS 13,Laptop,Amar,Hyderabad,6,"2,001","12,006"
02-04-2021,OnePlus Buds,Headphone,Laxmi,Hyderabad,55,75,"4,125"
02-04-2021,Apple AirPods Pro,Headphone,Laxmi,Hyderabad,13,315,"4,095"
02-04-2021,HP Envy x360,Laptop,Amar,Hyderabad,4,"1,080","4,320"
02-04-2021,iPhone 11 Pro,Phone,Laxmi,Hyderabad,2,"1,575","3,150"
02-04-2021,OnePlus 8 Pro,Phone,Laxmi,Hyderabad,7,790,"5,530"
09-04-2021,Dell XPS 13,Laptop,Tara,Bangalore,5,"2,001","10,005"
09-04-2021,OnePlus Buds,Headphone,Bruce,Bangalore,42,75,"3,150"
09-04-2021,Apple AirPods Pro,Headphone,Bruce,Bangalore,9,315,"2,835"
09-04-2021,HP Envy x360,Laptop,Tara,Bangalore,6,"1,080","6,480"
09-04-2021,iPhone 11 Pro,Phone,Tara,Bangalore,2,"1,575","3,150"
09-04-2021,OnePlus 8 Pro,Phone,Tara,Bangalore,9,790,"7,110"
09-04-2021,Dell XPS 13,Laptop,Kate,Mumbai,5,"2,001","10,005"
09-04-2021,OnePlus Buds,Headphone,Krish,Mumbai,66,75,"4,950"
09-04-2021,Apple AirPods Pro,Headphone,Krish,Mumbai,15,315,"4,725"
09-04-2021,HP Envy x360,Laptop,Kate,Mumbai,3,"1,080","3,240"
09-04-2021,iPhone 11 Pro,Phone,Krish,Mumbai,6,"1,575","9,450"
09-04-2021,OnePlus 8 Pro,Phone,Krish,Mumbai,9,790,"7,110"
09-04-2021,Dell XPS 13,Laptop,Asif,Cochin,5,"2,001","10,005"
09-04-2021,OnePlus Buds,Headphone,Asif,Cochin,44,75,"3,300"
09-04-2021,Apple AirPods Pro,Headphone,Asif,Cochin,6,315,"1,890"
09-04-2021,HP Envy x360,Laptop,Asif,Cochin,4,"1,080","4,320"
09-04-2021,iPhone 11 Pro,Phone,Giana,Cochin,2,"1,575","3,150"
09-04-2021,OnePlus 8 Pro,Phone,Giana,Cochin,6,790,"4,740"
09-04-2021,Dell XPS 13,Laptop,Aryan,Delhi,3,"2,001","6,003"
09-04-2021,OnePlus Buds,Headphone,Aryan,Delhi,45,75,"3,375"
09-04-2021,Apple AirPods Pro,Headphone,Aryan,Delhi,6,315,"1,890"
09-04-2021,HP Envy x360,Laptop,Aryan,Delhi,6,"1,080","6,480"
09-04-2021,iPhone 11 Pro,Phone,Leila,Delhi,2,"1,575","3,150"
09-04-2021,OnePlus 8 Pro,Phone,Leila,Delhi,6,790,"4,740"
09-04-2021,Dell XPS 13,Laptop,Amar,Hyderabad,4,"2,001","8,004"
09-04-2021,OnePlus Buds,Headphone,Laxmi,Hyderabad,37,75,"2,775"
09-04-2021,Apple AirPods Pro,Headphone,Laxmi,Hyderabad,8,315,"2,520"
09-04-2021,HP Envy x360,Laptop,Amar,Hyderabad,5,"1,080","5,400"
09-04-2021,iPhone 11 Pro,Phone,Laxmi,Hyderabad,2,"1,575","3,150"
09-04-2021,OnePlus 8 Pro,Phone,Laxmi,Hyderabad,8,790,"6,320"
16-04-2021,Dell XPS 13,Laptop,Tara,Bangalore,3,"2,001","6,003"
16-04-2021,OnePlus Buds,Headphone,Bruce,Bangalore,48,75,"3,600"
16-04-2021,Apple AirPods Pro,Headphone,Bruce,Bangalore,5,315,"1,575"
16-04-2021,HP Envy x360,Laptop,Tara,Bangalore,2,"1,080","2,160"
16-04-2021,iPhone 11 Pro,Phone,Tara,Bangalore,3,"1,575","4,725"
16-04-2021,OnePlus 8 Pro,Phone,Tara,Bangalore,8,790,"6,320"
16-04-2021,Dell XPS 13,Laptop,Kate,Mumbai,5,"2,001","10,005"
16-04-2021,OnePlus Buds,Headphone,Krish,Mumbai,33,75,"2,475"
16-04-2021,Apple AirPods Pro,Headphone,Krish,Mumbai,12,315,"3,780"
16-04-2021,HP Envy x360,Laptop,Kate,Mumbai,2,"1,080","2,160"
16-04-2021,iPhone 11 Pro,Phone,Krish,Mumbai,6,"1,575","9,450"
16-04-2021,OnePlus 8 Pro,Phone,Krish,Mumbai,6,790,"4,740"
16-04-2021,Dell XPS 13,Laptop,Asif,Cochin,3,"2,001","6,003"
16-04-2021,OnePlus Buds,Headphone,Asif,Cochin,60,75,"4,500"
16-04-2021,Apple AirPods Pro,Headphone,Asif,Cochin,9,315,"2,835"
16-04-2021,HP Envy x360,Laptop,Asif,Cochin,6,"1,080","6,480"
16-04-2021,iPhone 11 Pro,Phone,Giana,Cochin,3,"1,575","4,725"
16-04-2021,OnePlus 8 Pro,Phone,Giana,Cochin,8,790,"6,320"
16-04-2021,Dell XPS 13,Laptop,Aryan,Delhi,3,"2,001","6,003"
16-04-2021,OnePlus Buds,Headphone,Aryan,Delhi,49,75,"3,675"
16-04-2021,Apple AirPods Pro,Headphone,Aryan,Delhi,14,315,"4,410"
16-04-2021,HP Envy x360,Laptop,Aryan,Delhi,2,"1,080","2,160"
16-04-2021,iPhone 11 Pro,Phone,Leila,Delhi,3,"1,575","4,725"
16-04-2021,OnePlus 8 Pro,Phone,Leila,Delhi,10,790,"7,900"
16-04-2021,Dell XPS 13,Laptop,Amar,Hyderabad,6,"2,001","12,006"
16-04-2021,OnePlus Buds,Headphone,Laxmi,Hyderabad,57,75,"4,275"
16-04-2021,Apple AirPods Pro,Headphone,Laxmi,Hyderabad,12,315,"3,780"
16-04-2021,HP Envy x360,Laptop,Amar,Hyderabad,5,"1,080","5,400"
16-04-2021,iPhone 11 Pro,Phone,Laxmi,Hyderabad,5,"1,575","7,875"
16-04-2021,OnePlus 8 Pro,Phone,Laxmi,Hyderabad,11,790,"8,690"
23-04-2021,Dell XPS 13,Laptop,Tara,Bangalore,4,"2,001","8,004"
23-04-2021,OnePlus Buds,Headphone,Bruce,Bangalore,46,75,"3,450"
23-04-2021,Apple AirPods Pro,Headphone,Bruce,Bangalore,12,315,"3,780"
23-04-2021,HP Envy x360,Laptop,Tara,Bangalore,2,"1,080","2,160"
23-04-2021,iPhone 11 Pro,Phone,Tara,Bangalore,3,"1,575","4,725"
23-04-2021,OnePlus 8 Pro,Phone,Tara,Bangalore,7,790,"5,530"
23-04-2021,Dell XPS 13,Laptop,Kate,Mumbai,3,"2,001","6,003"
23-04-2021,OnePlus Buds,Headphone,Krish,Mumbai,47,75,"3,525"
23-04-2021,Apple AirPods Pro,Headphone,Krish,Mumbai,8,315,"2,520"
23-04-2021,HP Envy x360,Laptop,Kate,Mumbai,3,"1,080","3,240"
23-04-2021,iPhone 11 Pro,Phone,Krish,Mumbai,5,"1,575","7,875"
23-04-2021,OnePlus 8 Pro,Phone,Krish,Mumbai,9,790,"7,110"
23-04-2021,Dell XPS 13,Laptop,Asif,Cochin,6,"2,001","12,006"
23-04-2021,OnePlus Buds,Headphone,Asif,Cochin,38,75,"2,850"
23-04-2021,Apple AirPods Pro,Headphone,Asif,Cochin,10,315,"3,150"
23-04-2021,HP Envy x360,Laptop,Asif,Cochin,4,"1,080","4,320"
23-04-2021,iPhone 11 Pro,Phone,Giana,Cochin,6,"1,575","9,450"
23-04-2021,OnePlus 8 Pro,Phone,Giana,Cochin,7,790,"5,530"
23-04-2021,Dell XPS 13,Laptop,Aryan,Delhi,5,"2,001","10,005"
23-04-2021,OnePlus Buds,Headphone,Aryan,Delhi,54,75,"4,050"
23-04-2021,Apple AirPods Pro,Headphone,Aryan,Delhi,8,315,"2,520"
23-04-2021,HP Envy x360,Laptop,Aryan,Delhi,3,"1,080","3,240"
23-04-2021,iPhone 11 Pro,Phone,Leila,Delhi,2,"1,575","3,150"
23-04-2021,OnePlus 8 Pro,Phone,Leila,Delhi,6,790,"4,740"
23-04-2021,Dell XPS 13,Laptop,Amar,Hyderabad,5,"2,001","10,005"
23-04-2021,OnePlus Buds,Headphone,Laxmi,Hyderabad,50,75,"3,750"
23-04-2021,Apple AirPods Pro,Headphone,Laxmi,Hyderabad,11,315,"3,465"
23-04-2021,HP Envy x360,Laptop,Amar,Hyderabad,3,"1,080","3,240"
23-04-2021,iPhone 11 Pro,Phone,Laxmi,Hyderabad,5,"1,575","7,875"
23-04-2021,OnePlus 8 Pro,Phone,Laxmi,Hyderabad,7,790,"5,530"
30-04-2021,Dell XPS 13,Laptop,Tara,Bangalore,5,"2,001","10,005"
30-04-2021,OnePlus Buds,Headphone,Bruce,Bangalore,52,75,"3,900"
30-04-2021,Apple AirPods Pro,Headphone,Bruce,Bangalore,11,315,"3,465"
30-04-2021,HP Envy x360,Laptop,Tara,Bangalore,6,"1,080","6,480"
30-04-2021,iPhone 11 Pro,Phone,Tara,Bangalore,3,"1,575","4,725"
30-04-2021,OnePlus 8 Pro,Phone,Tara,Bangalore,11,790,"8,690"
30-04-2021,Dell XPS 13,Laptop,Kate,Mumbai,4,"2,001","8,004"
30-04-2021,OnePlus Buds,Headphone,Krish,Mumbai,33,75,"2,475"
30-04-2021,Apple AirPods Pro,Headphone,Krish,Mumbai,7,315,"2,205"
30-04-2021,HP Envy x360,Laptop,Kate,Mumbai,3,"1,080","3,240"
30-04-2021,iPhone 11 Pro,Phone,Krish,Mumbai,6,"1,575","9,450"
30-04-2021,OnePlus 8 Pro,Phone,Krish,Mumbai,7,790,"5,530"
30-04-2021,Dell XPS 13,Laptop,Asif,Cochin,6,"2,001","12,006"
30-04-2021,OnePlus Buds,Headphone,Asif,Cochin,41,75,"3,075"
30-04-2021,Apple AirPods Pro,Headphone,Asif,Cochin,13,315,"4,095"
30-04-2021,HP Envy x360,Laptop,Asif,Cochin,6,"1,080","6,480"
30-04-2021,iPhone 11 Pro,Phone,Giana,Cochin,3,"1,575","4,725"
30-04-2021,OnePlus 8 Pro,Phone,Giana,Cochin,10,790,"7,900"
30-04-2021,Dell XPS 13,Laptop,Aryan,Delhi,4,"2,001","8,004"
30-04-2021,OnePlus Buds,Headphone,Aryan,Delhi,47,75,"3,525"
30-04-2021,Apple AirPods Pro,Headphone,Aryan,Delhi,5,315,"1,575"
30-04-2021,HP Envy x360,Laptop,Aryan,Delhi,5,"1,080","5,400"
30-04-2021,iPhone 11 Pro,Phone,Leila,Delhi,4,"1,575","6,300"
30-04-2021,OnePlus 8 Pro,Phone,Leila,Delhi,10,790,"7,900"
30-04-2021,Dell XPS 13,Laptop,Amar,Hyderabad,6,"2,001","12,006"
30-04-2021,OnePlus Buds,Headphone,Laxmi,Hyderabad,50,75,"3,750"
30-04-2021,Apple AirPods Pro,Headphone,Laxmi,Hyderabad,11,315,"3,465"
30-04-2021,HP Envy x360,Laptop,Amar,Hyderabad,2,"1,080","2,160"
30-04-2021,iPhone 11 Pro,Phone,Laxmi,Hyderabad,2,"1,575","3,150"
30-04-2021,OnePlus 8 Pro,Phone,Laxmi,Hyderabad,6,790,"4,740"
07-05-2021,Dell XPS 13,Laptop,Tara,Bangalore,3,"2,001","6,003"
07-05-2021,OnePlus Buds,Headphone,Bruce,Bangalore,54,75,"4,050"
07-05-2021,Apple AirPods Pro,Headphone,Bruce,Bangalore,9,315,"2,835"
07-05-2021,HP Envy x360,Laptop,Tara,Bangalore,4,"1,080","4,320"
07-05-2021,iPhone 11 Pro,Phone,Tara,Bangalore,2,"1,575","3,150"
07-05-2021,OnePlus 8 Pro,Phone,Tara,Bangalore,6,790,"4,740"
07-05-2021,Dell XPS 13,Laptop,Kate,Mumbai,3,"2,001","6,003"
07-05-2021,OnePlus Buds,Headphone,Krish,Mumbai,35,75,"2,625"
07-05-2021,Apple AirPods Pro,Headphone,Krish,Mumbai,13,315,"4,095"
07-05-2021,HP Envy x360,Laptop,Kate,Mumbai,5,"1,080","5,400"
07-05-2021,iPhone 11 Pro,Phone,Krish,Mumbai,6,"1,575","9,450"
07-05-2021,OnePlus 8 Pro,Phone,Kate,Mumbai,10,790,"7,900"
07-05-2021,Dell XPS 13,Laptop,Asif,Cochin,4,"2,001","8,004"
07-05-2021,OnePlus Buds,Headphone,Asif,Cochin,51,75,"3,825"
07-05-2021,Apple AirPods Pro,Headphone,Giana,Cochin,10,315,"3,150"
07-05-2021,HP Envy x360,Laptop,Asif,Cochin,5,"1,080","5,400"
07-05-2021,iPhone 11 Pro,Phone,Giana,Cochin,5,"1,575","7,875"
07-05-2021,OnePlus 8 Pro,Phone,Giana,Cochin,8,790,"6,320"
07-05-2021,Dell XPS 13,Laptop,Aryan,Delhi,5,"2,001","10,005"
07-05-2021,OnePlus Buds,Headphone,Aryan,Delhi,48,75,"3,600"
07-05-2021,Apple AirPods Pro,Headphone,Aryan,Delhi,7,315,"2,205"
07-05-2021,HP Envy x360,Laptop,Aryan,Delhi,6,"1,080","6,480"
07-05-2021,iPhone 11 Pro,Phone,Leila,Delhi,2,"1,575","3,150"
07-05-2021,OnePlus 8 Pro,Phone,Leila,Delhi,11,790,"8,690"
07-05-2021,Dell XPS 13,Laptop,Amar,Hyderabad,6,"2,001","12,006"
07-05-2021,OnePlus Buds,Headphone,Laxmi,Hyderabad,57,75,"4,275"
07-05-2021,Apple AirPods Pro,Headphone,Laxmi,Hyderabad,7,315,"2,205"
07-05-2021,HP Envy x360,Laptop,Amar,Hyderabad,3,"1,080","3,240"
07-05-2021,iPhone 11 Pro,Phone,Laxmi,Hyderabad,6,"1,575","9,450"
07-05-2021,OnePlus 8 Pro,Phone,Amar,Hyderabad,10,790,"7,900"
14-05-2021,Dell XPS 13,Laptop,Tara,Bangalore,5,"2,001","10,005"
14-05-2021,OnePlus Buds,Headphone,Bruce,Bangalore,52,75,"3,900"
14-05-2021,Apple AirPods Pro,Headphone,Bruce,Bangalore,5,315,"1,575"
14-05-2021,HP Envy x360,Laptop,Tara,Bangalore,2,"1,080","2,160"
14-05-2021,iPhone 11 Pro,Phone,Tara,Bangalore,3,"1,575","4,725"
14-05-2021,OnePlus 8 Pro,Phone,Tara,Bangalore,8,790,"6,320"
14-05-2021,Dell XPS 13,Laptop,Kate,Mumbai,5,"2,001","10,005"
14-05-2021,OnePlus Buds,Headphone,Krish,Mumbai,38,75,"2,850"
14-05-2021,Apple AirPods Pro,Headphone,Krish,Mumbai,6,315,"1,890"
14-05-2021,HP Envy x360,Laptop,Kate,Mumbai,2,"1,080","2,160"
14-05-2021,iPhone 11 Pro,Phone,Kate,Mumbai,5,"1,575","7,875"
14-05-2021,OnePlus 8 Pro,Phone,Kate,Mumbai,6,790,"4,740"
14-05-2021,Dell XPS 13,Laptop,Asif,Cochin,4,"2,001","8,004"
14-05-2021,OnePlus Buds,Headphone,Giana,Cochin,31,75,"2,325"
14-05-2021,Apple AirPods Pro,Headphone,Giana,Cochin,11,315,"3,465"
14-05-2021,HP Envy x360,Laptop,Asif,Cochin,6,"1,080","6,480"
14-05-2021,iPhone 11 Pro,Phone,Giana,Cochin,4,"1,575","6,300"
14-05-2021,OnePlus 8 Pro,Phone,Giana,Cochin,10,790,"7,900"
14-05-2021,Dell XPS 13,Laptop,Aryan,Delhi,3,"2,001","6,003"
14-05-2021,OnePlus Buds,Headphone,Aryan,Delhi,39,75,"2,925"
14-05-2021,Apple AirPods Pro,Headphone,Leila,Delhi,5,315,"1,575"
14-05-2021,HP Envy x360,Laptop,Aryan,Delhi,3,"1,080","3,240"
14-05-2021,iPhone 11 Pro,Phone,Leila,Delhi,5,"1,575","7,875"
14-05-2021,OnePlus 8 Pro,Phone,Leila,Delhi,6,790,"4,740"
14-05-2021,Dell XPS 13,Laptop,Amar,Hyderabad,6,"2,001","12,006"
14-05-2021,OnePlus Buds,Headphone,Laxmi,Hyderabad,32,75,"2,400"
14-05-2021,Apple AirPods Pro,Headphone,Laxmi,Hyderabad,8,315,"2,520"
14-05-2021,HP Envy x360,Laptop,Amar,Hyderabad,5,"1,080","5,400"
14-05-2021,iPhone 11 Pro,Phone,Amar,Hyderabad,5,"1,575","7,875"
14-05-2021,OnePlus 8 Pro,Phone,Amar,Hyderabad,11,790,"8,690"
21-05-2021,Dell XPS 13,Laptop,Tara,Bangalore,6,"2,001","12,006"
21-05-2021,OnePlus Buds,Headphone,Bruce,Bangalore,37,75,"2,775"
21-05-2021,Apple AirPods Pro,Headphone,Bruce,Bangalore,7,315,"2,205"
21-05-2021,HP Envy x360,Laptop,Tara,Bangalore,6,"1,080","6,480"
21-05-2021,iPhone 11 Pro,Phone,Tara,Bangalore,6,"1,575","9,450"
21-05-2021,OnePlus 8 Pro,Phone,Tara,Bangalore,8,790,"6,320"
21-05-2021,Dell XPS 13,Laptop,Kate,Mumbai,6,"2,001","12,006"
21-05-2021,OnePlus Buds,Headphone,Krish,Mumbai,36,75,"2,700"
21-05-2021,Apple AirPods Pro,Headphone,Krish,Mumbai,13,315,"4,095"
21-05-2021,HP Envy x360,Laptop,Kate,Mumbai,4,"1,080","4,320"
21-05-2021,iPhone 11 Pro,Phone,Kate,Mumbai,3,"1,575","4,725"
21-05-2021,OnePlus 8 Pro,Phone,Kate,Mumbai,9,790,"7,110"
21-05-2021,Dell XPS 13,Laptop,Asif,Cochin,3,"2,001","6,003"
21-05-2021,OnePlus Buds,Headphone,Giana,Cochin,57,75,"4,275"
21-05-2021,Apple AirPods Pro,Headphone,Giana,Cochin,9,315,"2,835"
21-05-2021,HP Envy x360,Laptop,Asif,Cochin,6,"1,080","6,480"
21-05-2021,iPhone 11 Pro,Phone,Giana,Cochin,2,"1,575","3,150"
21-05-2021,OnePlus 8 Pro,Phone,Giana,Cochin,11,790,"8,690"
21-05-2021,Dell XPS 13,Laptop,Aryan,Delhi,5,"2,001","10,005"
21-05-2021,OnePlus Buds,Headphone,Leila,Delhi,55,75,"4,125"
21-05-2021,Apple AirPods Pro,Headphone,Leila,Delhi,11,315,"3,465"
21-05-2021,HP Envy x360,Laptop,Aryan,Delhi,5,"1,080","5,400"
21-05-2021,iPhone 11 Pro,Phone,Leila,Delhi,4,"1,575","6,300"
21-05-2021,OnePlus 8 Pro,Phone,Leila,Delhi,10,790,"7,900"
21-05-2021,Dell XPS 13,Laptop,Amar,Hyderabad,6,"2,001","12,006"
21-05-2021,OnePlus Buds,Headphone,Laxmi,Hyderabad,48,75,"3,600"
21-05-2021,Apple AirPods Pro,Headphone,Laxmi,Hyderabad,13,315,"4,095"
21-05-2021,HP Envy x360,Laptop,Amar,Hyderabad,4,"1,080","4,320"
21-05-2021,iPhone 11 Pro,Phone,Amar,Hyderabad,6,"1,575","9,450"
21-05-2021,OnePlus 8 Pro,Phone,Amar,Hyderabad,7,790,"5,530"
28-05-2021,Dell XPS 13,Laptop,Tara,Bangalore,4,"2,001","8,004"
28-05-2021,OnePlus Buds,Headphone,Bruce,Bangalore,47,75,"3,525"
28-05-2021,Apple AirPods Pro,Headphone,Bruce,Bangalore,7,315,"2,205"
28-05-2021,HP Envy x360,Laptop,Tara,Bangalore,6,"1,080","6,480"
28-05-2021,iPhone 11 Pro,Phone,Tara,Bangalore,4,"1,575","6,300"
28-05-2021,OnePlus 8 Pro,Phone,Tara,Bangalore,11,790,"8,690"
28-05-2021,Dell XPS 13,Laptop,Kate,Mumbai,4,"2,001","8,004"
28-05-2021,OnePlus Buds,Headphone,Krish,Mumbai,56,75,"4,200"
28-05-2021,Apple AirPods Pro,Headphone,Krish,Mumbai,5,315,"1,575"
28-05-2021,HP Envy x360,Laptop,Kate,Mumbai,5,"1,080","5,400"
28-05-2021,iPhone 11 Pro,Phone,Kate,Mumbai,6,"1,575","9,450"
28-05-2021,OnePlus 8 Pro,Phone,Kate,Mumbai,11,790,"8,690"
28-05-2021,Dell XPS 13,Laptop,Asif,Cochin,6,"2,001","12,006"
28-05-2021,OnePlus Buds,Headphone,Giana,Cochin,43,75,"3,225"
28-05-2021,Apple AirPods Pro,Headphone,Giana,Cochin,7,315,"2,205"
28-05-2021,HP Envy x360,Laptop,Asif,Cochin,5,"1,080","5,400"
28-05-2021,iPhone 11 Pro,Phone,Giana,Cochin,4,"1,575","6,300"
28-05-2021,OnePlus 8 Pro,Phone,Giana,Cochin,10,790,"7,900"
28-05-2021,Dell XPS 13,Laptop,Aryan,Delhi,3,"2,001","6,003"
28-05-2021,OnePlus Buds,Headphone,Leila,Delhi,53,75,"3,975"
28-05-2021,Apple AirPods Pro,Headphone,Leila,Delhi,6,315,"1,890"
28-05-2021,HP Envy x360,Laptop,Aryan,Delhi,6,"1,080","6,480"
28-05-2021,iPhone 11 Pro,Phone,Leila,Delhi,4,"1,575","6,300"
28-05-2021,OnePlus 8 Pro,Phone,Leila,Delhi,8,790,"6,320"
28-05-2021,Dell XPS 13,Laptop,Amar,Hyderabad,6,"2,001","12,006"
28-05-2021,OnePlus Buds,Headphone,Laxmi,Hyderabad,48,75,"3,600"
28-05-2021,Apple AirPods Pro,Headphone,Laxmi,Hyderabad,11,315,"3,465"
28-05-2021,HP Envy x360,Laptop,Amar,Hyderabad,4,"1,080","4,320"
28-05-2021,iPhone 11 Pro,Phone,Amar,Hyderabad,2,"1,575","3,150"
28-05-2021,OnePlus 8 Pro,Phone,Amar,Hyderabad,6,790,"4,740"
04-06-2021,Dell XPS 13,Laptop,Tara,Bangalore,3,"2,001","6,003"
04-06-2021,OnePlus Buds,Headphone,Bruce,Bangalore,56,75,"4,200"
04-06-2021,Apple AirPods Pro,Headphone,Bruce,Bangalore,6,315,"1,890"
04-06-2021,HP Envy x360,Laptop,Tara,Bangalore,3,"1,080","3,240"
04-06-2021,iPhone 11 Pro,Phone,Tara,Bangalore,4,"1,575","6,300"
04-06-2021,OnePlus 8 Pro,Phone,Tara,Bangalore,6,790,"4,740"
04-06-2021,Dell XPS 13,Laptop,Kate,Mumbai,6,"2,001","12,006"
04-06-2021,OnePlus Buds,Headphone,Krish,Mumbai,31,75,"2,325"
04-06-2021,Apple AirPods Pro,Headphone,Krish,Mumbai,12,315,"3,780"
04-06-2021,HP Envy x360,Laptop,Kate,Mumbai,4,"1,080","4,320"
04-06-2021,iPhone 11 Pro,Phone,Kate,Mumbai,5,"1,575","7,875"
04-06-2021,OnePlus 8 Pro,Phone,Kate,Mumbai,7,790,"5,530"
04-06-2021,Dell XPS 13,Laptop,Asif,Cochin,4,"2,001","8,004"
04-06-2021,OnePlus Buds,Headphone,Giana,Cochin,32,75,"2,400"
04-06-2021,Apple AirPods Pro,Headphone,Giana,Cochin,6,315,"1,890"
04-06-2021,HP Envy x360,Laptop,Asif,Cochin,3,"1,080","3,240"
04-06-2021,iPhone 11 Pro,Phone,Giana,Cochin,5,"1,575","7,875"
04-06-2021,OnePlus 8 Pro,Phone,Giana,Cochin,11,790,"8,690"
04-06-2021,Dell XPS 13,Laptop,Aryan,Delhi,6,"2,001","12,006"
04-06-2021,OnePlus Buds,Headphone,Leila,Delhi,39,75,"2,925"
04-06-2021,Apple AirPods Pro,Headphone,Leila,Delhi,13,315,"4,095"
04-06-2021,HP Envy x360,Laptop,Aryan,Delhi,4,"1,080","4,320"
04-06-2021,iPhone 11 Pro,Phone,Leila,Delhi,5,"1,575","7,875"
04-06-2021,OnePlus 8 Pro,Phone,Leila,Delhi,6,790,"4,740"
04-06-2021,Dell XPS 13,Laptop,Amar,Hyderabad,4,"2,001","8,004"
04-06-2021,OnePlus Buds,Headphone,Laxmi,Hyderabad,54,75,"4,050"
04-06-2021,Apple AirPods Pro,Headphone,Laxmi,Hyderabad,5,315,"1,575"
04-06-2021,HP Envy x360,Laptop,Amar,Hyderabad,5,"1,080","5,400"
04-06-2021,iPhone 11 Pro,Phone,Amar,Hyderabad,2,"1,575","3,150"
04-06-2021,OnePlus 8 Pro,Phone,Amar,Hyderabad,6,790,"4,740"
11-06-2021,Dell XPS 13,Laptop,Tara,Bangalore,4,"2,001","8,004"
11-06-2021,OnePlus Buds,Headphone,Bruce,Bangalore,42,75,"3,150"
11-06-2021,Apple AirPods Pro,Headphone,Bruce,Bangalore,9,315,"2,835"
11-06-2021,HP Envy x360,Laptop,Tara,Bangalore,4,"1,080","4,320"
11-06-2021,iPhone 11 Pro,Phone,Tara,Bangalore,6,"1,575","9,450"
11-06-2021,OnePlus 8 Pro,Phone,Tara,Bangalore,7,790,"5,530"
11-06-2021,Dell XPS 13,Laptop,Kate,Mumbai,6,"2,001","12,006"
11-06-2021,OnePlus Buds,Headphone,Krish,Mumbai,46,75,"3,450"
11-06-2021,Apple AirPods Pro,Headphone,Krish,Mumbai,7,315,"2,205"
11-06-2021,HP Envy x360,Laptop,Kate,Mumbai,5,"1,080","5,400"
11-06-2021,iPhone 11 Pro,Phone,Kate,Mumbai,4,"1,575","6,300"
11-06-2021,OnePlus 8 Pro,Phone,Kate,Mumbai,8,790,"6,320"
11-06-2021,Dell XPS 13,Laptop,Asif,Cochin,5,"2,001","10,005"
11-06-2021,OnePlus Buds,Headphone,Giana,Cochin,34,75,"2,550"
11-06-2021,Apple AirPods Pro,Headphone,Giana,Cochin,8,315,"2,520"
11-06-2021,HP Envy x360,Laptop,Asif,Cochin,5,"1,080","5,400"
11-06-2021,iPhone 11 Pro,Phone,Giana,Cochin,4,"1,575","6,300"
11-06-2021,OnePlus 8 Pro,Phone,Giana,Cochin,8,790,"6,320"
11-06-2021,Dell XPS 13,Laptop,Aryan,Delhi,5,"2,001","10,005"
11-06-2021,OnePlus Buds,Headphone,Leila,Delhi,54,75,"4,050"
11-06-2021,Apple AirPods Pro,Headphone,Leila,Delhi,12,315,"3,780"
11-06-2021,HP Envy x360,Laptop,Aryan,Delhi,2,"1,080","2,160"
11-06-2021,iPhone 11 Pro,Phone,Leila,Delhi,4,"1,575","6,300"
11-06-2021,OnePlus 8 Pro,Phone,Leila,Delhi,9,790,"7,110"
11-06-2021,Dell XPS 13,Laptop,Amar,Hyderabad,6,"2,001","12,006"
11-06-2021,OnePlus Buds,Headphone,Laxmi,Hyderabad,53,75,"3,975"
11-06-2021,Apple AirPods Pro,Headphone,Laxmi,Hyderabad,12,315,"3,780"
11-06-2021,HP Envy x360,Laptop,Amar,Hyderabad,6,"1,080","6,480"
11-06-2021,iPhone 11 Pro,Phone,Amar,Hyderabad,5,"1,575","7,875"
11-06-2021,OnePlus 8 Pro,Phone,Amar,Hyderabad,7,790,"5,530"
18-06-2021,Dell XPS 13,Laptop,Tara,Bangalore,4,"2,001","8,004"
18-06-2021,OnePlus Buds,Headphone,Bruce,Bangalore,49,75,"3,675"
18-06-2021,Apple AirPods Pro,Headphone,Bruce,Bangalore,7,315,"2,205"
18-06-2021,HP Envy x360,Laptop,Tara,Bangalore,2,"1,080","2,160"
18-06-2021,iPhone 11 Pro,Phone,Tara,Bangalore,6,"1,575","9,450"
18-06-2021,OnePlus 8 Pro,Phone,Tara,Bangalore,7,790,"5,530"
18-06-2021,Dell XPS 13,Laptop,Kate,Mumbai,3,"2,001","6,003"
18-06-2021,OnePlus Buds,Headphone,Krish,Mumbai,35,75,"2,625"
18-06-2021,Apple AirPods Pro,Headphone,Krish,Mumbai,9,315,"2,835"
18-06-2021,HP Envy x360,Laptop,Kate,Mumbai,6,"1,080","6,480"
18-06-2021,iPhone 11 Pro,Phone,Kate,Mumbai,3,"1,575","4,725"
18-06-2021,OnePlus 8 Pro,Phone,Kate,Mumbai,5,790,"3,950"
18-06-2021,Dell XPS 13,Laptop,Asif,Cochin,4,"2,001","8,004"
18-06-2021,OnePlus Buds,Headphone,Asif,Cochin,51,75,"3,825"
18-06-2021,Apple AirPods Pro,Headphone,Asif,Cochin,10,315,"3,150"
18-06-2021,HP Envy x360,Laptop,Asif,Cochin,6,"1,080","6,480"
18-06-2021,iPhone 11 Pro,Phone,Giana,Cochin,4,"1,575","6,300"
18-06-2021,OnePlus 8 Pro,Phone,Giana,Cochin,6,790,"4,740"
18-06-2021,Dell XPS 13,Laptop,Aryan,Delhi,4,"2,001","8,004"
18-06-2021,OnePlus Buds,Headphone,Leila,Delhi,43,75,"3,225"
18-06-2021,Apple AirPods Pro,Headphone,Leila,Delhi,9,315,"2,835"
18-06-2021,HP Envy x360,Laptop,Aryan,Delhi,6,"1,080","6,480"
18-06-2021,iPhone 11 Pro,Phone,Leila,Delhi,6,"1,575","9,450"
18-06-2021,OnePlus 8 Pro,Phone,Leila,Delhi,10,790,"7,900"
18-06-2021,Dell XPS 13,Laptop,Amar,Hyderabad,3,"2,001","6,003"
18-06-2021,OnePlus Buds,Headphone,Laxmi,Hyderabad,51,75,"3,825"
18-06-2021,Apple AirPods Pro,Headphone,Laxmi,Hyderabad,8,315,"2,520"
18-06-2021,HP Envy x360,Laptop,Amar,Hyderabad,2,"1,080","2,160"
18-06-2021,iPhone 11 Pro,Phone,Amar,Hyderabad,4,"1,575","6,300"
18-06-2021,OnePlus 8 Pro,Phone,Amar,Hyderabad,9,790,"7,110"
25-06-2021,Dell XPS 13,Laptop,Tara,Bangalore,6,"2,001","12,006"
25-06-2021,OnePlus Buds,Headphone,Bruce,Bangalore,43,75,"3,225"
25-06-2021,Apple AirPods Pro,Headphone,Bruce,Bangalore,11,315,"3,465"
25-06-2021,HP Envy x360,Laptop,Bruce,Bangalore,6,"1,080","6,480"
25-06-2021,iPhone 11 Pro,Phone,Tara,Bangalore,2,"1,575","3,150"
25-06-2021,OnePlus 8 Pro,Phone,Tara,Bangalore,7,790,"5,530"
25-06-2021,Dell XPS 13,Laptop,Kate,Mumbai,5,"2,001","10,005"
25-06-2021,OnePlus Buds,Headphone,Krish,Mumbai,42,75,"3,150"
25-06-2021,Apple AirPods Pro,Headphone,Krish,Mumbai,6,315,"1,890"
25-06-2021,HP Envy x360,Laptop,Kate,Mumbai,2,"1,080","2,160"
25-06-2021,iPhone 11 Pro,Phone,Krish,Mumbai,3,"1,575","4,725"
25-06-2021,OnePlus 8 Pro,Phone,Krish,Mumbai,11,790,"8,690"
25-06-2021,Dell XPS 13,Laptop,Asif,Cochin,4,"2,001","8,004"
25-06-2021,OnePlus Buds,Headphone,Asif,Cochin,56,75,"4,200"
25-06-2021,Apple AirPods Pro,Headphone,Asif,Cochin,9,315,"2,835"
25-06-2021,HP Envy x360,Laptop,Asif,Cochin,3,"1,080","3,240"
25-06-2021,iPhone 11 Pro,Phone,Giana,Cochin,4,"1,575","6,300"
25-06-2021,OnePlus 8 Pro,Phone,Giana,Cochin,11,790,"8,690"
25-06-2021,Dell XPS 13,Laptop,Aryan,Delhi,6,"2,001","12,006"
25-06-2021,OnePlus Buds,Headphone,Leila,Delhi,53,75,"3,975"
25-06-2021,Apple AirPods Pro,Headphone,Leila,Delhi,13,315,"4,095"
25-06-2021,HP Envy x360,Laptop,Aryan,Delhi,2,"1,080","2,160"
25-06-2021,iPhone 11 Pro,Phone,Leila,Delhi,6,"1,575","9,450"
25-06-2021,OnePlus 8 Pro,Phone,Leila,Delhi,6,790,"4,740"
25-06-2021,Dell XPS 13,Laptop,Amar,Hyderabad,3,"2,001","6,003"
25-06-2021,OnePlus Buds,Headphone,Laxmi,Hyderabad,37,75,"2,775"
25-06-2021,Apple AirPods Pro,Headphone,Laxmi,Hyderabad,12,315,"3,780"
25-06-2021,HP Envy x360,Laptop,Amar,Hyderabad,6,"1,080","6,480"
25-06-2021,iPhone 11 Pro,Phone,Amar,Hyderabad,4,"1,575","6,300"
25-06-2021,OnePlus 8 Pro,Phone,Amar,Hyderabad,10,790,"7,900"
02-07-2021,Dell XPS 13,Laptop,Bruce,Bangalore,3,"2,001","6,003"
02-07-2021,OnePlus Buds,Headphone,Bruce,Bangalore,38,75,"2,850"
02-07-2021,Apple AirPods Pro,Headphone,Bruce,Bangalore,14,315,"4,410"
02-07-2021,HP Envy x360,Laptop,Bruce,Bangalore,6,"1,080","6,480"
02-07-2021,iPhone 11 Pro,Phone,Tara,Bangalore,3,"1,575","4,725"
02-07-2021,OnePlus 8 Pro,Phone,Tara,Bangalore,11,790,"8,690"
02-07-2021,Dell XPS 13,Laptop,Kate,Mumbai,5,"2,001","10,005"
02-07-2021,OnePlus Buds,Headphone,Krish,Mumbai,44,75,"3,300"
02-07-2021,Apple AirPods Pro,Headphone,Krish,Mumbai,11,315,"3,465"
02-07-2021,HP Envy x360,Laptop,Kate,Mumbai,5,"1,080","5,400"
02-07-2021,iPhone 11 Pro,Phone,Krish,Mumbai,5,"1,575","7,875"
02-07-2021,OnePlus 8 Pro,Phone,Krish,Mumbai,7,790,"5,530"
02-07-2021,Dell XPS 13,Laptop,Asif,Cochin,3,"2,001","6,003"
02-07-2021,OnePlus Buds,Headphone,Asif,Cochin,56,75,"4,200"
02-07-2021,Apple AirPods Pro,Headphone,Asif,Cochin,7,315,"2,205"
02-07-2021,HP Envy x360,Laptop,Asif,Cochin,5,"1,080","5,400"
02-07-2021,iPhone 11 Pro,Phone,Giana,Cochin,6,"1,575","9,450"
02-07-2021,OnePlus 8 Pro,Phone,Giana,Cochin,8,790,"6,320"
02-07-2021,Dell XPS 13,Laptop,Aryan,Delhi,6,"2,001","12,006"
02-07-2021,OnePlus Buds,Headphone,Leila,Delhi,45,75,"3,375"
02-07-2021,Apple AirPods Pro,Headphone,Leila,Delhi,5,315,"1,575"
02-07-2021,HP Envy x360,Laptop,Aryan,Delhi,2,"1,080","2,160"
02-07-2021,iPhone 11 Pro,Phone,Leila,Delhi,5,"1,575","7,875"
02-07-2021,OnePlus 8 Pro,Phone,Leila,Delhi,5,790,"3,950"
02-07-2021,Dell XPS 13,Laptop,Amar,Hyderabad,6,"2,001","12,006"
02-07-2021,OnePlus Buds,Headphone,Laxmi,Hyderabad,37,75,"2,775"
02-07-2021,Apple AirPods Pro,Headphone,Laxmi,Hyderabad,14,315,"4,410"
02-07-2021,HP Envy x360,Laptop,Amar,Hyderabad,4,"1,080","4,320"
02-07-2021,iPhone 11 Pro,Phone,Amar,Hyderabad,4,"1,575","6,300"
02-07-2021,OnePlus 8 Pro,Phone,Amar,Hyderabad,11,790,"8,690"
09-07-2021,Dell XPS 13,Laptop,Bruce,Bangalore,6,"2,001","12,006"
09-07-2021,OnePlus Buds,Headphone,Bruce,Bangalore,60,75,"4,500"
09-07-2021,Apple AirPods Pro,Headphone,Bruce,Bangalore,6,315,"1,890"
09-07-2021,HP Envy x360,Laptop,Bruce,Bangalore,6,"1,080","6,480"
09-07-2021,iPhone 11 Pro,Phone,Tara,Bangalore,3,"1,575","4,725"
09-07-2021,OnePlus 8 Pro,Phone,Tara,Bangalore,7,790,"5,530"
09-07-2021,Dell XPS 13,Laptop,Kate,Mumbai,4,"2,001","8,004"
09-07-2021,OnePlus Buds,Headphone,Krish,Mumbai,32,75,"2,400"
09-07-2021,Apple AirPods Pro,Headphone,Krish,Mumbai,7,315,"2,205"
09-07-2021,HP Envy x360,Laptop,Kate,Mumbai,3,"1,080","3,240"
09-07-2021,iPhone 11 Pro,Phone,Krish,Mumbai,2,"1,575","3,150"
09-07-2021,OnePlus 8 Pro,Phone,Krish,Mumbai,6,790,"4,740"
09-07-2021,Dell XPS 13,Laptop,Asif,Cochin,5,"2,001","10,005"
09-07-2021,OnePlus Buds,Headphone,Asif,Cochin,33,75,"2,475"
09-07-2021,Apple AirPods Pro,Headphone,Asif,Cochin,7,315,"2,205"
09-07-2021,HP Envy x360,Laptop,Asif,Cochin,5,"1,080","5,400"
09-07-2021,iPhone 11 Pro,Phone,Giana,Cochin,4,"1,575","6,300"
09-07-2021,OnePlus 8 Pro,Phone,Giana,Cochin,7,790,"5,530"
09-07-2021,Dell XPS 13,Laptop,Aryan,Delhi,4,"2,001","8,004"
09-07-2021,OnePlus Buds,Headphone,Leila,Delhi,54,75,"4,050"
09-07-2021,Apple AirPods Pro,Headphone,Aryan,Delhi,12,315,"3,780"
09-07-2021,HP Envy x360,Laptop,Aryan,Delhi,4,"1,080","4,320"
09-07-2021,iPhone 11 Pro,Phone,Leila,Delhi,4,"1,575","6,300"
09-07-2021,OnePlus 8 Pro,Phone,Leila,Delhi,9,790,"7,110"
09-07-2021,Dell XPS 13,Laptop,Amar,Hyderabad,4,"2,001","8,004"
09-07-2021,OnePlus Buds,Headphone,Laxmi,Hyderabad,52,75,"3,900"
09-07-2021,Apple AirPods Pro,Headphone,Laxmi,Hyderabad,7,315,"2,205"
09-07-2021,HP Envy x360,Laptop,Amar,Hyderabad,4,"1,080","4,320"
09-07-2021,iPhone 11 Pro,Phone,Amar,Hyderabad,4,"1,575","6,300"
09-07-2021,OnePlus 8 Pro,Phone,Amar,Hyderabad,6,790,"4,740"
16-07-2021,Dell XPS 13,Laptop,Bruce,Bangalore,6,"2,001","12,006"
16-07-2021,OnePlus Buds,Headphone,Bruce,Bangalore,33,75,"2,475"
16-07-2021,Apple AirPods Pro,Headphone,Bruce,Bangalore,8,315,"2,520"
16-07-2021,HP Envy x360,Laptop,Bruce,Bangalore,5,"1,080","5,400"
16-07-2021,iPhone 11 Pro,Phone,Tara,Bangalore,3,"1,575","4,725"
16-07-2021,OnePlus 8 Pro,Phone,Tara,Bangalore,10,790,"7,900"
16-07-2021,Dell XPS 13,Laptop,Kate,Mumbai,5,"2,001","10,005"
16-07-2021,OnePlus Buds,Headphone,Krish,Mumbai,60,75,"4,500"
16-07-2021,Apple AirPods Pro,Headphone,Krish,Mumbai,5,315,"1,575"
16-07-2021,HP Envy x360,Laptop,Kate,Mumbai,6,"1,080","6,480"
16-07-2021,iPhone 11 Pro,Phone,Krish,Mumbai,5,"1,575","7,875"
16-07-2021,OnePlus 8 Pro,Phone,Krish,Mumbai,7,790,"5,530"
16-07-2021,Dell XPS 13,Laptop,Asif,Cochin,6,"2,001","12,006"
16-07-2021,OnePlus Buds,Headphone,Asif,Cochin,35,75,"2,625"
16-07-2021,Apple AirPods Pro,Headphone,Asif,Cochin,8,315,"2,520"
16-07-2021,HP Envy x360,Laptop,Asif,Cochin,4,"1,080","4,320"
16-07-2021,iPhone 11 Pro,Phone,Giana,Cochin,3,"1,575","4,725"
16-07-2021,OnePlus 8 Pro,Phone,Giana,Cochin,8,790,"6,320"
16-07-2021,Dell XPS 13,Laptop,Aryan,Delhi,5,"2,001","10,005"
16-07-2021,OnePlus Buds,Headphone,Aryan,Delhi,37,75,"2,775"
16-07-2021,Apple AirPods Pro,Headphone,Aryan,Delhi,7,315,"2,205"
16-07-2021,HP Envy x360,Laptop,Aryan,Delhi,2,"1,080","2,160"
16-07-2021,iPhone 11 Pro,Phone,Leila,Delhi,4,"1,575","6,300"
16-07-2021,OnePlus 8 Pro,Phone,Leila,Delhi,9,790,"7,110"
16-07-2021,Dell XPS 13,Laptop,Amar,Hyderabad,5,"2,001","10,005"
16-07-2021,OnePlus Buds,Headphone,Laxmi,Hyderabad,38,75,"2,850"
16-07-2021,Apple AirPods Pro,Headphone,Laxmi,Hyderabad,9,315,"2,835"
16-07-2021,HP Envy x360,Laptop,Amar,Hyderabad,5,"1,080","5,400"
16-07-2021,iPhone 11 Pro,Phone,Amar,Hyderabad,3,"1,575","4,725"
16-07-2021,OnePlus 8 Pro,Phone,Amar,Hyderabad,6,790,"4,740"
23-07-2021,Dell XPS 13,Laptop,Bruce,Bangalore,6,"2,001","12,006"
23-07-2021,OnePlus Buds,Headphone,Bruce,Bangalore,52,75,"3,900"
23-07-2021,Apple AirPods Pro,Headphone,Bruce,Bangalore,8,315,"2,520"
23-07-2021,HP Envy x360,Laptop,Bruce,Bangalore,5,"1,080","5,400"
23-07-2021,iPhone 11 Pro,Phone,Tara,Bangalore,5,"1,575","7,875"
23-07-2021,OnePlus 8 Pro,Phone,Tara,Bangalore,8,790,"6,320"
23-07-2021,Dell XPS 13,Laptop,Kate,Mumbai,4,"2,001","8,004"
23-07-2021,OnePlus Buds,Headphone,Krish,Mumbai,32,75,"2,400"
23-07-2021,Apple AirPods Pro,Headphone,Krish,Mumbai,9,315,"2,835"
23-07-2021,HP Envy x360,Laptop,Kate,Mumbai,3,"1,080","3,240"
23-07-2021,iPhone 11 Pro,Phone,Krish,Mumbai,4,"1,575","6,300"
23-07-2021,OnePlus 8 Pro,Phone,Krish,Mumbai,8,790,"6,320"
23-07-2021,Dell XPS 13,Laptop,Asif,Cochin,4,"2,001","8,004"
23-07-2021,OnePlus Buds,Headphone,Asif,Cochin,47,75,"3,525"
23-07-2021,Apple AirPods Pro,Headphone,Asif,Cochin,14,315,"4,410"
23-07-2021,HP Envy x360,Laptop,Asif,Cochin,2,"1,080","2,160"
23-07-2021,iPhone 11 Pro,Phone,Giana,Cochin,5,"1,575","7,875"
23-07-2021,OnePlus 8 Pro,Phone,Giana,Cochin,10,790,"7,900"
23-07-2021,Dell XPS 13,Laptop,Aryan,Delhi,3,"2,001","6,003"
23-07-2021,OnePlus Buds,Headphone,Aryan,Delhi,49,75,"3,675"
23-07-2021,Apple AirPods Pro,Headphone,Aryan,Delhi,15,315,"4,725"
23-07-2021,HP Envy x360,Laptop,Aryan,Delhi,6,"1,080","6,480"
23-07-2021,iPhone 11 Pro,Phone,Leila,Delhi,6,"1,575","9,450"
23-07-2021,OnePlus 8 Pro,Phone,Leila,Delhi,8,790,"6,320"
23-07-2021,Dell XPS 13,Laptop,Amar,Hyderabad,4,"2,001","8,004"
23-07-2021,OnePlus Buds,Headphone,Laxmi,Hyderabad,53,75,"3,975"
23-07-2021,Apple AirPods Pro,Headphone,Laxmi,Hyderabad,14,315,"4,410"
23-07-2021,HP Envy x360,Laptop,Amar,Hyderabad,6,"1,080","6,480"
23-07-2021,iPhone 11 Pro,Phone,Amar,Hyderabad,5,"1,575","7,875"
23-07-2021,OnePlus 8 Pro,Phone,Amar,Hyderabad,5,790,"3,950"
30-07-2021,Dell XPS 13,Laptop,Bruce,Bangalore,5,"2,001","10,005"
30-07-2021,OnePlus Buds,Headphone,Bruce,Bangalore,49,75,"3,675"
30-07-2021,Apple AirPods Pro,Headphone,Bruce,Bangalore,7,315,"2,205"
30-07-2021,HP Envy x360,Laptop,Bruce,Bangalore,6,"1,080","6,480"
30-07-2021,iPhone 11 Pro,Phone,Tara,Bangalore,5,"1,575","7,875"
30-07-2021,OnePlus 8 Pro,Phone,Tara,Bangalore,10,790,"7,900"
30-07-2021,Dell XPS 13,Laptop,Kate,Mumbai,4,"2,001","8,004"
30-07-2021,OnePlus Buds,Headphone,Krish,Mumbai,53,75,"3,975"
30-07-2021,Apple AirPods Pro,Headphone,Krish,Mumbai,5,315,"1,575"
30-07-2021,HP Envy x360,Laptop,Kate,Mumbai,4,"1,080","4,320"
30-07-2021,iPhone 11 Pro,Phone,Krish,Mumbai,6,"1,575","9,450"
30-07-2021,OnePlus 8 Pro,Phone,Kate,Mumbai,8,790,"6,320"
30-07-2021,Dell XPS 13,Laptop,Asif,Cochin,4,"2,001","8,004"
30-07-2021,OnePlus Buds,Headphone,Giana,Cochin,39,75,"2,925"
30-07-2021,Apple AirPods Pro,Headphone,Giana,Cochin,12,315,"3,780"
30-07-2021,HP Envy x360,Laptop,Asif,Cochin,5,"1,080","5,400"
30-07-2021,iPhone 11 Pro,Phone,Giana,Cochin,3,"1,575","4,725"
30-07-2021,OnePlus 8 Pro,Phone,Giana,Cochin,10,790,"7,900"
30-07-2021,Dell XPS 13,Laptop,Aryan,Delhi,5,"2,001","10,005"
30-07-2021,OnePlus Buds,Headphone,Aryan,Delhi,40,75,"3,000"
30-07-2021,Apple AirPods Pro,Headphone,Aryan,Delhi,11,315,"3,465"
30-07-2021,HP Envy x360,Laptop,Aryan,Delhi,3,"1,080","3,240"
30-07-2021,iPhone 11 Pro,Phone,Leila,Delhi,4,"1,575","6,300"
30-07-2021,OnePlus 8 Pro,Phone,Leila,Delhi,8,790,"6,320"
30-07-2021,Dell XPS 13,Laptop,Amar,Hyderabad,5,"2,001","10,005"
30-07-2021,OnePlus Buds,Headphone,Laxmi,Hyderabad,59,75,"4,425"
30-07-2021,Apple AirPods Pro,Headphone,Laxmi,Hyderabad,13,315,"4,095"
30-07-2021,HP Envy x360,Laptop,Amar,Hyderabad,4,"1,080","4,320"
30-07-2021,iPhone 11 Pro,Phone,Amar,Hyderabad,3,"1,575","4,725"
30-07-2021,OnePlus 8 Pro,Phone,Amar,Hyderabad,8,790,"6,320"
06-08-2021,Dell XPS 13,Laptop,Bruce,Bangalore,6,"2,001","12,006"
06-08-2021,OnePlus Buds,Headphone,Bruce,Bangalore,48,75,"3,600"
06-08-2021,Apple AirPods Pro,Headphone,Bruce,Bangalore,8,315,"2,520"
06-08-2021,HP Envy x360,Laptop,Bruce,Bangalore,3,"1,080","3,240"
06-08-2021,iPhone 11 Pro,Phone,Tara,Bangalore,3,"1,575","4,725"
06-08-2021,OnePlus 8 Pro,Phone,Tara,Bangalore,7,790,"5,530"
06-08-2021,Dell XPS 13,Laptop,Kate,Mumbai,6,"2,001","12,006"
06-08-2021,OnePlus Buds,Headphone,Krish,Mumbai,58,75,"4,350"
06-08-2021,Apple AirPods Pro,Headphone,Krish,Mumbai,11,315,"3,465"
06-08-2021,HP Envy x360,Laptop,Kate,Mumbai,5,"1,080","5,400"
06-08-2021,iPhone 11 Pro,Phone,Kate,Mumbai,6,"1,575","9,450"
06-08-2021,OnePlus 8 Pro,Phone,Kate,Mumbai,10,790,"7,900"
06-08-2021,Dell XPS 13,Laptop,Asif,Cochin,6,"2,001","12,006"
06-08-2021,OnePlus Buds,Headphone,Giana,Cochin,59,75,"4,425"
06-08-2021,Apple AirPods Pro,Headphone,Giana,Cochin,7,315,"2,205"
06-08-2021,HP Envy x360,Laptop,Asif,Cochin,6,"1,080","6,480"
06-08-2021,iPhone 11 Pro,Phone,Giana,Cochin,6,"1,575","9,450"
06-08-2021,OnePlus 8 Pro,Phone,Giana,Cochin,8,790,"6,320"
06-08-2021,Dell XPS 13,Laptop,Aryan,Delhi,3,"2,001","6,003"
06-08-2021,OnePlus Buds,Headphone,Aryan,Delhi,48,75,"3,600"
06-08-2021,Apple AirPods Pro,Headphone,Aryan,Delhi,8,315,"2,520"
06-08-2021,HP Envy x360,Laptop,Aryan,Delhi,2,"1,080","2,160"
06-08-2021,iPhone 11 Pro,Phone,Leila,Delhi,2,"1,575","3,150"
06-08-2021,OnePlus 8 Pro,Phone,Leila,Delhi,7,790,"5,530"
06-08-2021,Dell XPS 13,Laptop,Amar,Hyderabad,5,"2,001","10,005"
06-08-2021,OnePlus Buds,Headphone,Laxmi,Hyderabad,37,75,"2,775"
06-08-2021,Apple AirPods Pro,Headphone,Laxmi,Hyderabad,9,315,"2,835"
06-08-2021,HP Envy x360,Laptop,Amar,Hyderabad,5,"1,080","5,400"
06-08-2021,iPhone 11 Pro,Phone,Amar,Hyderabad,2,"1,575","3,150"
06-08-2021,OnePlus 8 Pro,Phone,Amar,Hyderabad,7,790,"5,530"
13-08-2021,Dell XPS 13,Laptop,Bruce,Bangalore,4,"2,001","8,004"
13-08-2021,OnePlus Buds,Headphone,Bruce,Bangalore,39,75,"2,925"
13-08-2021,Apple AirPods Pro,Headphone,Bruce,Bangalore,5,315,"1,575"
13-08-2021,HP Envy x360,Laptop,Bruce,Bangalore,2,"1,080","2,160"
13-08-2021,iPhone 11 Pro,Phone,Tara,Bangalore,2,"1,575","3,150"
13-08-2021,OnePlus 8 Pro,Phone,Tara,Bangalore,5,790,"3,950"
13-08-2021,Dell XPS 13,Laptop,Kate,Mumbai,5,"2,001","10,005"
13-08-2021,OnePlus Buds,Headphone,Krish,Mumbai,57,75,"4,275"
13-08-2021,Apple AirPods Pro,Headphone,Krish,Mumbai,6,315,"1,890"
13-08-2021,HP Envy x360,Laptop,Kate,Mumbai,4,"1,080","4,320"
13-08-2021,iPhone 11 Pro,Phone,Kate,Mumbai,6,"1,575","9,450"
13-08-2021,OnePlus 8 Pro,Phone,Kate,Mumbai,5,790,"3,950"
13-08-2021,Dell XPS 13,Laptop,Asif,Cochin,5,"2,001","10,005"
13-08-2021,OnePlus Buds,Headphone,Giana,Cochin,32,75,"2,400"
13-08-2021,Apple AirPods Pro,Headphone,Giana,Cochin,6,315,"1,890"
13-08-2021,HP Envy x360,Laptop,Asif,Cochin,3,"1,080","3,240"
13-08-2021,iPhone 11 Pro,Phone,Giana,Cochin,3,"1,575","4,725"
13-08-2021,OnePlus 8 Pro,Phone,Giana,Cochin,5,790,"3,950"
13-08-2021,Dell XPS 13,Laptop,Aryan,Delhi,5,"2,001","10,005"
13-08-2021,OnePlus Buds,Headphone,Aryan,Delhi,51,75,"3,825"
13-08-2021,Apple AirPods Pro,Headphone,Aryan,Delhi,13,315,"4,095"
13-08-2021,HP Envy x360,Laptop,Aryan,Delhi,3,"1,080","3,240"
13-08-2021,iPhone 11 Pro,Phone,Leila,Delhi,4,"1,575","6,300"
13-08-2021,OnePlus 8 Pro,Phone,Leila,Delhi,5,790,"3,950"
13-08-2021,Dell XPS 13,Laptop,Amar,Hyderabad,3,"2,001","6,003"
13-08-2021,OnePlus Buds,Headphone,Laxmi,Hyderabad,56,75,"4,200"
13-08-2021,Apple AirPods Pro,Headphone,Laxmi,Hyderabad,7,315,"2,205"
13-08-2021,HP Envy x360,Laptop,Amar,Hyderabad,5,"1,080","5,400"
13-08-2021,iPhone 11 Pro,Phone,Amar,Hyderabad,5,"1,575","7,875"
13-08-2021,OnePlus 8 Pro,Phone,Amar,Hyderabad,11,790,"8,690"
20-08-2021,Dell XPS 13,Laptop,Bruce,Bangalore,5,"2,001","10,005"
20-08-2021,OnePlus Buds,Headphone,Bruce,Bangalore,55,75,"4,125"
20-08-2021,Apple AirPods Pro,Headphone,Bruce,Bangalore,12,315,"3,780"
20-08-2021,HP Envy x360,Laptop,Bruce,Bangalore,3,"1,080","3,240"
20-08-2021,iPhone 11 Pro,Phone,Tara,Bangalore,6,"1,575","9,450"
20-08-2021,OnePlus 8 Pro,Phone,Tara,Bangalore,10,790,"7,900"
20-08-2021,Dell XPS 13,Laptop,Kate,Mumbai,3,"2,001","6,003"
20-08-2021,OnePlus Buds,Headphone,Krish,Mumbai,46,75,"3,450"
20-08-2021,Apple AirPods Pro,Headphone,Krish,Mumbai,12,315,"3,780"
20-08-2021,HP Envy x360,Laptop,Kate,Mumbai,3,"1,080","3,240"
20-08-2021,iPhone 11 Pro,Phone,Kate,Mumbai,2,"1,575","3,150"
20-08-2021,OnePlus 8 Pro,Phone,Kate,Mumbai,6,790,"4,740"
20-08-2021,Dell XPS 13,Laptop,Asif,Cochin,3,"2,001","6,003"
20-08-2021,OnePlus Buds,Headphone,Giana,Cochin,35,75,"2,625"
20-08-2021,Apple AirPods Pro,Headphone,Giana,Cochin,11,315,"3,465"
20-08-2021,HP Envy x360,Laptop,Asif,Cochin,2,"1,080","2,160"
20-08-2021,iPhone 11 Pro,Phone,Giana,Cochin,4,"1,575","6,300"
20-08-2021,OnePlus 8 Pro,Phone,Giana,Cochin,4,790,"3,160"
20-08-2021,Dell XPS 13,Laptop,Aryan,Delhi,6,"2,001","12,006"
20-08-2021,OnePlus Buds,Headphone,Aryan,Delhi,46,75,"3,450"
20-08-2021,Apple AirPods Pro,Headphone,Aryan,Delhi,7,315,"2,205"
20-08-2021,HP Envy x360,Laptop,Aryan,Delhi,5,"1,080","5,400"
20-08-2021,iPhone 11 Pro,Phone,Leila,Delhi,2,"1,575","3,150"
20-08-2021,OnePlus 8 Pro,Phone,Leila,Delhi,5,790,"3,950"
20-08-2021,Dell XPS 13,Laptop,Amar,Hyderabad,4,"2,001","8,004"
20-08-2021,OnePlus Buds,Headphone,Laxmi,Hyderabad,47,75,"3,525"
20-08-2021,Apple AirPods Pro,Headphone,Laxmi,Hyderabad,12,315,"3,780"
20-08-2021,HP Envy x360,Laptop,Amar,Hyderabad,3,"1,080","3,240"
20-08-2021,iPhone 11 Pro,Phone,Amar,Hyderabad,3,"1,575","4,725"
20-08-2021,OnePlus 8 Pro,Phone,Amar,Hyderabad,6,790,"4,740"
27-08-2021,Dell XPS 13,Laptop,Bruce,Bangalore,4,"2,001","8,004"
27-08-2021,OnePlus Buds,Headphone,Bruce,Bangalore,44,75,"3,300"
27-08-2021,Apple AirPods Pro,Headphone,Bruce,Bangalore,9,315,"2,835"
27-08-2021,HP Envy x360,Laptop,Bruce,Bangalore,4,"1,080","4,320"
27-08-2021,iPhone 11 Pro,Phone,Tara,Bangalore,5,"1,575","7,875"
27-08-2021,OnePlus 8 Pro,Phone,Tara,Bangalore,10,790,"7,900"
27-08-2021,Dell XPS 13,Laptop,Kate,Mumbai,3,"2,001","6,003"
27-08-2021,OnePlus Buds,Headphone,Krish,Mumbai,56,75,"4,200"
27-08-2021,Apple AirPods Pro,Headphone,Krish,Mumbai,9,315,"2,835"
27-08-2021,HP Envy x360,Laptop,Kate,Mumbai,6,"1,080","6,480"
27-08-2021,iPhone 11 Pro,Phone,Kate,Mumbai,2,"1,575","3,150"
27-08-2021,OnePlus 8 Pro,Phone,Kate,Mumbai,6,790,"4,740"
27-08-2021,Dell XPS 13,Laptop,Asif,Cochin,4,"2,001","8,004"
27-08-2021,OnePlus Buds,Headphone,Giana,Cochin,35,75,"2,625"
27-08-2021,Apple AirPods Pro,Headphone,Giana,Cochin,4,315,"1,260"
27-08-2021,HP Envy x360,Laptop,Asif,Cochin,4,"1,080","4,320"
27-08-2021,iPhone 11 Pro,Phone,Giana,Cochin,3,"1,575","4,725"
27-08-2021,OnePlus 8 Pro,Phone,Giana,Cochin,9,790,"7,110"
27-08-2021,Dell XPS 13,Laptop,Aryan,Delhi,5,"2,001","10,005"
27-08-2021,OnePlus Buds,Headphone,Leila,Delhi,52,75,"3,900"
27-08-2021,Apple AirPods Pro,Headphone,Leila,Delhi,9,315,"2,835"
27-08-2021,HP Envy x360,Laptop,Aryan,Delhi,2,"1,080","2,160"
27-08-2021,iPhone 11 Pro,Phone,Leila,Delhi,5,"1,575","7,875"
27-08-2021,OnePlus 8 Pro,Phone,Leila,Delhi,6,790,"4,740"
27-08-2021,Dell XPS 13,Laptop,Amar,Hyderabad,6,"2,001","12,006"
27-08-2021,OnePlus Buds,Headphone,Laxmi,Hyderabad,58,75,"4,350"
27-08-2021,Apple AirPods Pro,Headphone,Laxmi,Hyderabad,9,315,"2,835"
27-08-2021,HP Envy x360,Laptop,Amar,Hyderabad,2,"1,080","2,160"
27-08-2021,iPhone 11 Pro,Phone,Amar,Hyderabad,5,"1,575","7,875"
27-08-2021,OnePlus 8 Pro,Phone,Amar,Hyderabad,10,790,"7,900"
03-09-2021,Dell XPS 13,Laptop,Bruce,Bangalore,5,"2,001","10,005"
03-09-2021,OnePlus Buds,Headphone,Bruce,Bangalore,33,75,"2,475"
03-09-2021,Apple AirPods Pro,Headphone,Bruce,Bangalore,12,315,"3,780"
03-09-2021,HP Envy x360,Laptop,Bruce,Bangalore,5,"1,080","5,400"
03-09-2021,iPhone 11 Pro,Phone,Tara,Bangalore,4,"1,575","6,300"
03-09-2021,OnePlus 8 Pro,Phone,Tara,Bangalore,9,790,"7,110"
03-09-2021,Dell XPS 13,Laptop,Kate,Mumbai,5,"2,001","10,005"
03-09-2021,OnePlus Buds,Headphone,Krish,Mumbai,46,75,"3,450"
03-09-2021,Apple AirPods Pro,Headphone,Krish,Mumbai,9,315,"2,835"
03-09-2021,HP Envy x360,Laptop,Kate,Mumbai,2,"1,080","2,160"
03-09-2021,iPhone 11 Pro,Phone,Kate,Mumbai,2,"1,575","3,150"
03-09-2021,OnePlus 8 Pro,Phone,Kate,Mumbai,5,790,"3,950"
03-09-2021,Dell XPS 13,Laptop,Asif,Cochin,5,"2,001","10,005"
03-09-2021,OnePlus Buds,Headphone,Giana,Cochin,26,75,"1,950"
03-09-2021,Apple AirPods Pro,Headphone,Giana,Cochin,8,315,"2,520"
03-09-2021,HP Envy x360,Laptop,Asif,Cochin,3,"1,080","3,240"
03-09-2021,iPhone 11 Pro,Phone,Giana,Cochin,1,"1,575","1,575"
03-09-2021,OnePlus 8 Pro,Phone,Giana,Cochin,1,790,790
03-09-2021,Dell XPS 13,Laptop,Aryan,Delhi,5,"2,001","10,005"
03-09-2021,OnePlus Buds,Headphone,Leila,Delhi,58,75,"4,350"
03-09-2021,Apple AirPods Pro,Headphone,Leila,Delhi,13,315,"4,095"
03-09-2021,HP Envy x360,Laptop,Aryan,Delhi,5,"1,080","5,400"
03-09-2021,iPhone 11 Pro,Phone,Leila,Delhi,5,"1,575","7,875"
03-09-2021,OnePlus 8 Pro,Phone,Leila,Delhi,11,790,"8,690"
03-09-2021,Dell XPS 13,Laptop,Amar,Hyderabad,5,"2,001","10,005"
03-09-2021,OnePlus Buds,Headphone,Laxmi,Hyderabad,32,75,"2,400"
03-09-2021,Apple AirPods Pro,Headphone,Laxmi,Hyderabad,9,315,"2,835"
03-09-2021,HP Envy x360,Laptop,Amar,Hyderabad,3,"1,080","3,240"
03-09-2021,iPhone 11 Pro,Phone,Amar,Hyderabad,2,"1,575","3,150"
03-09-2021,OnePlus 8 Pro,Phone,Amar,Hyderabad,11,790,"8,690"
10-09-2021,Dell XPS 13,Laptop,Bruce,Bangalore,4,"2,001","8,004"
10-09-2021,OnePlus Buds,Headphone,Bruce,Bangalore,32,75,"2,400"
10-09-2021,Apple AirPods Pro,Headphone,Bruce,Bangalore,12,315,"3,780"
10-09-2021,HP Envy x360,Laptop,Bruce,Bangalore,2,"1,080","2,160"
10-09-2021,iPhone 11 Pro,Phone,Tara,Bangalore,6,"1,575","9,450"
10-09-2021,OnePlus 8 Pro,Phone,Tara,Bangalore,9,790,"7,110"
10-09-2021,Dell XPS 13,Laptop,Kate,Mumbai,6,"2,001","12,006"
10-09-2021,OnePlus Buds,Headphone,Krish,Mumbai,59,75,"4,425"
10-09-2021,Apple AirPods Pro,Headphone,Krish,Mumbai,5,315,"1,575"
10-09-2021,HP Envy x360,Laptop,Kate,Mumbai,3,"1,080","3,240"
10-09-2021,iPhone 11 Pro,Phone,Krish,Mumbai,3,"1,575","4,725"
10-09-2021,OnePlus 8 Pro,Phone,Krish,Mumbai,8,790,"6,320"
10-09-2021,Dell XPS 13,Laptop,Asif,Cochin,6,"2,001","12,006"
10-09-2021,OnePlus Buds,Headphone,Giana,Cochin,45,75,"3,375"
10-09-2021,Apple AirPods Pro,Headphone,Giana,Cochin,6,315,"1,890"
10-09-2021,HP Envy x360,Laptop,Asif,Cochin,4,"1,080","4,320"
10-09-2021,iPhone 11 Pro,Phone,Giana,Cochin,3,"1,575","4,725"
10-09-2021,OnePlus 8 Pro,Phone,Giana,Cochin,5,790,"3,950"
10-09-2021,Dell XPS 13,Laptop,Aryan,Delhi,5,"2,001","10,005"
10-09-2021,OnePlus Buds,Headphone,Leila,Delhi,31,75,"2,325"
10-09-2021,Apple AirPods Pro,Headphone,Leila,Delhi,6,315,"1,890"
10-09-2021,HP Envy x360,Laptop,Aryan,Delhi,4,"1,080","4,320"
10-09-2021,iPhone 11 Pro,Phone,Leila,Delhi,6,"1,575","9,450"
10-09-2021,OnePlus 8 Pro,Phone,Leila,Delhi,10,790,"7,900"
10-09-2021,Dell XPS 13,Laptop,Amar,Hyderabad,5,"2,001","10,005"
10-09-2021,OnePlus Buds,Headphone,Laxmi,Hyderabad,39,75,"2,925"
10-09-2021,Apple AirPods Pro,Headphone,Laxmi,Hyderabad,11,315,"3,465"
10-09-2021,HP Envy x360,Laptop,Amar,Hyderabad,3,"1,080","3,240"
10-09-2021,iPhone 11 Pro,Phone,Amar,Hyderabad,4,"1,575","6,300"
10-09-2021,OnePlus 8 Pro,Phone,Amar,Hyderabad,9,790,"7,110"
17-09-2021,Dell XPS 13,Laptop,Bruce,Bangalore,3,"2,001","6,003"
17-09-2021,OnePlus Buds,Headphone,Bruce,Bangalore,57,75,"4,275"
17-09-2021,Apple AirPods Pro,Headphone,Bruce,Bangalore,13,315,"4,095"
17-09-2021,HP Envy x360,Laptop,Bruce,Bangalore,4,"1,080","4,320"
17-09-2021,iPhone 11 Pro,Phone,Tara,Bangalore,6,"1,575","9,450"
17-09-2021,OnePlus 8 Pro,Phone,Tara,Bangalore,7,790,"5,530"
17-09-2021,Dell XPS 13,Laptop,Kate,Mumbai,5,"2,001","10,005"
17-09-2021,OnePlus Buds,Headphone,Krish,Mumbai,40,75,"3,000"
17-09-2021,Apple AirPods Pro,Headphone,Krish,Mumbai,13,315,"4,095"
17-09-2021,HP Envy x360,Laptop,Kate,Mumbai,3,"1,080","3,240"
17-09-2021,iPhone 11 Pro,Phone,Krish,Mumbai,2,"1,575","3,150"
17-09-2021,OnePlus 8 Pro,Phone,Krish,Mumbai,11,790,"8,690"
17-09-2021,Dell XPS 13,Laptop,Asif,Cochin,4,"2,001","8,004"
17-09-2021,OnePlus Buds,Headphone,Giana,Cochin,26,75,"1,950"
17-09-2021,Apple AirPods Pro,Headphone,Giana,Cochin,11,315,"3,465"
17-09-2021,HP Envy x360,Laptop,Asif,Cochin,4,"1,080","4,320"
17-09-2021,iPhone 11 Pro,Phone,Giana,Cochin,3,"1,575","4,725"
17-09-2021,OnePlus 8 Pro,Phone,Giana,Cochin,6,790,"4,740"
17-09-2021,Dell XPS 13,Laptop,Aryan,Delhi,3,"2,001","6,003"
17-09-2021,OnePlus Buds,Headphone,Leila,Delhi,44,75,"3,300"
17-09-2021,Apple AirPods Pro,Headphone,Leila,Delhi,11,315,"3,465"
17-09-2021,HP Envy x360,Laptop,Aryan,Delhi,4,"1,080","4,320"
17-09-2021,iPhone 11 Pro,Phone,Leila,Delhi,4,"1,575","6,300"
17-09-2021,OnePlus 8 Pro,Phone,Leila,Delhi,9,790,"7,110"
17-09-2021,Dell XPS 13,Laptop,Amar,Hyderabad,6,"2,001","12,006"
17-09-2021,OnePlus Buds,Headphone,Laxmi,Hyderabad,49,75,"3,675"
17-09-2021,Apple AirPods Pro,Headphone,Laxmi,Hyderabad,15,315,"4,725"
17-09-2021,HP Envy x360,Laptop,Amar,Hyderabad,6,"1,080","6,480"
17-09-2021,iPhone 11 Pro,Phone,Amar,Hyderabad,4,"1,575","6,300"
17-09-2021,OnePlus 8 Pro,Phone,Amar,Hyderabad,5,790,"3,950"
24-09-2021,Dell XPS 13,Laptop,Bruce,Bangalore,5,"2,001","10,005"
24-09-2021,OnePlus Buds,Headphone,Bruce,Bangalore,32,75,"2,400"
24-09-2021,Apple AirPods Pro,Headphone,Bruce,Bangalore,10,315,"3,150"
24-09-2021,HP Envy x360,Laptop,Bruce,Bangalore,3,"1,080","3,240"
24-09-2021,iPhone 11 Pro,Phone,Tara,Bangalore,2,"1,575","3,150"
24-09-2021,OnePlus 8 Pro,Phone,Tara,Bangalore,5,790,"3,950"
24-09-2021,Dell XPS 13,Laptop,Kate,Mumbai,6,"2,001","12,006"
24-09-2021,OnePlus Buds,Headphone,Krish,Mumbai,37,75,"2,775"
24-09-2021,Apple AirPods Pro,Headphone,Krish,Mumbai,9,315,"2,835"
24-09-2021,HP Envy x360,Laptop,Kate,Mumbai,2,"1,080","2,160"
24-09-2021,iPhone 11 Pro,Phone,Krish,Mumbai,2,"1,575","3,150"
24-09-2021,OnePlus 8 Pro,Phone,Krish,Mumbai,7,790,"5,530"
24-09-2021,Dell XPS 13,Laptop,Asif,Cochin,5,"2,001","10,005"
24-09-2021,OnePlus Buds,Headphone,Giana,Cochin,26,75,"1,950"
24-09-2021,Apple AirPods Pro,Headphone,Giana,Cochin,5,315,"1,575"
24-09-2021,HP Envy x360,Laptop,Asif,Cochin,6,"1,080","6,480"
24-09-2021,iPhone 11 Pro,Phone,Giana,Cochin,5,"1,575","7,875"
24-09-2021,OnePlus 8 Pro,Phone,Giana,Cochin,5,790,"3,950"
24-09-2021,Dell XPS 13,Laptop,Aryan,Delhi,3,"2,001","6,003"
24-09-2021,OnePlus Buds,Headphone,Leila,Delhi,31,75,"2,325"
24-09-2021,Apple AirPods Pro,Headphone,Leila,Delhi,8,315,"2,520"
24-09-2021,HP Envy x360,Laptop,Aryan,Delhi,4,"1,080","4,320"
24-09-2021,iPhone 11 Pro,Phone,Leila,Delhi,6,"1,575","9,450"
24-09-2021,OnePlus 8 Pro,Phone,Leila,Delhi,11,790,"8,690"
24-09-2021,Dell XPS 13,Laptop,Amar,Hyderabad,5,"2,001","10,005"
24-09-2021,OnePlus Buds,Headphone,Laxmi,Hyderabad,33,75,"2,475"
24-09-2021,Apple AirPods Pro,Headphone,Laxmi,Hyderabad,6,315,"1,890"
24-09-2021,HP Envy x360,Laptop,Amar,Hyderabad,6,"1,080","6,480"
24-09-2021,iPhone 11 Pro,Phone,Amar,Hyderabad,5,"1,575","7,875"
24-09-2021,OnePlus 8 Pro,Phone,Amar,Hyderabad,10,790,"7,900"
01-10-2021,Dell XPS 13,Laptop,Bruce,Bangalore,5,"2,001","10,005"
01-10-2021,OnePlus Buds,Headphone,Bruce,Bangalore,34,75,"2,550"
01-10-2021,Apple AirPods Pro,Headphone,Bruce,Bangalore,11,315,"3,465"
01-10-2021,HP Envy x360,Laptop,Bruce,Bangalore,3,"1,080","3,240"
01-10-2021,iPhone 11 Pro,Phone,Tara,Bangalore,6,"1,575","9,450"
01-10-2021,OnePlus 8 Pro,Phone,Tara,Bangalore,9,790,"7,110"
01-10-2021,Dell XPS 13,Laptop,Kate,Mumbai,3,"2,001","6,003"
01-10-2021,OnePlus Buds,Headphone,Krish,Mumbai,32,75,"2,400"
01-10-2021,Apple AirPods Pro,Headphone,Krish,Mumbai,14,315,"4,410"
01-10-2021,HP Envy x360,Laptop,Kate,Mumbai,5,"1,080","5,400"
01-10-2021,iPhone 11 Pro,Phone,Krish,Mumbai,6,"1,575","9,450"
01-10-2021,OnePlus 8 Pro,Phone,Krish,Mumbai,6,790,"4,740"
01-10-2021,Dell XPS 13,Laptop,Asif,Cochin,4,"2,001","8,004"
01-10-2021,OnePlus Buds,Headphone,Giana,Cochin,26,75,"1,950"
01-10-2021,Apple AirPods Pro,Headphone,Giana,Cochin,11,315,"3,465"
01-10-2021,HP Envy x360,Laptop,Asif,Cochin,5,"1,080","5,400"
01-10-2021,iPhone 11 Pro,Phone,Giana,Cochin,5,"1,575","7,875"
01-10-2021,OnePlus 8 Pro,Phone,Giana,Cochin,11,790,"8,690"
01-10-2021,Dell XPS 13,Laptop,Aryan,Delhi,6,"2,001","12,006"
01-10-2021,OnePlus Buds,Headphone,Leila,Delhi,33,75,"2,475"
01-10-2021,Apple AirPods Pro,Headphone,Leila,Delhi,12,315,"3,780"
01-10-2021,HP Envy x360,Laptop,Aryan,Delhi,2,"1,080","2,160"
01-10-2021,iPhone 11 Pro,Phone,Leila,Delhi,4,"1,575","6,300"
01-10-2021,OnePlus 8 Pro,Phone,Leila,Delhi,6,790,"4,740"
01-10-2021,Dell XPS 13,Laptop,Amar,Hyderabad,5,"2,001","10,005"
01-10-2021,OnePlus Buds,Headphone,Laxmi,Hyderabad,44,75,"3,300"
01-10-2021,Apple AirPods Pro,Headphone,Laxmi,Hyderabad,13,315,"4,095"
01-10-2021,HP Envy x360,Laptop,Amar,Hyderabad,3,"1,080","3,240"
01-10-2021,iPhone 11 Pro,Phone,Amar,Hyderabad,3,"1,575","4,725"
01-10-2021,OnePlus 8 Pro,Phone,Amar,Hyderabad,7,790,"5,530"
08-10-2021,Dell XPS 13,Laptop,Bruce,Bangalore,6,"2,001","12,006"
08-10-2021,OnePlus Buds,Headphone,Bruce,Bangalore,43,75,"3,225"
08-10-2021,Apple AirPods Pro,Headphone,Bruce,Bangalore,5,315,"1,575"
08-10-2021,HP Envy x360,Laptop,Bruce,Bangalore,3,"1,080","3,240"
08-10-2021,iPhone 11 Pro,Phone,Tara,Bangalore,2,"1,575","3,150"
08-10-2021,OnePlus 8 Pro,Phone,Tara,Bangalore,8,790,"6,320"
08-10-2021,Dell XPS 13,Laptop,Kate,Mumbai,6,"2,001","12,006"
08-10-2021,OnePlus Buds,Headphone,Krish,Mumbai,53,75,"3,975"
08-10-2021,Apple AirPods Pro,Headphone,Krish,Mumbai,10,315,"3,150"
08-10-2021,HP Envy x360,Laptop,Kate,Mumbai,6,"1,080","6,480"
08-10-2021,iPhone 11 Pro,Phone,Krish,Mumbai,4,"1,575","6,300"
08-10-2021,OnePlus 8 Pro,Phone,Krish,Mumbai,7,790,"5,530"
08-10-2021,Dell XPS 13,Laptop,Asif,Cochin,6,"2,001","12,006"
08-10-2021,OnePlus Buds,Headphone,Giana,Cochin,35,75,"2,625"
08-10-2021,Apple AirPods Pro,Headphone,Giana,Cochin,8,315,"2,520"
08-10-2021,HP Envy x360,Laptop,Asif,Cochin,4,"1,080","4,320"
08-10-2021,iPhone 11 Pro,Phone,Giana,Cochin,6,"1,575","9,450"
08-10-2021,OnePlus 8 Pro,Phone,Giana,Cochin,8,790,"6,320"
08-10-2021,Dell XPS 13,Laptop,Aryan,Delhi,6,"2,001","12,006"
08-10-2021,OnePlus Buds,Headphone,Leila,Delhi,52,75,"3,900"
08-10-2021,Apple AirPods Pro,Headphone,Leila,Delhi,14,315,"4,410"
08-10-2021,HP Envy x360,Laptop,Aryan,Delhi,6,"1,080","6,480"
08-10-2021,iPhone 11 Pro,Phone,Leila,Delhi,5,"1,575","7,875"
08-10-2021,OnePlus 8 Pro,Phone,Leila,Delhi,9,790,"7,110"
08-10-2021,Dell XPS 13,Laptop,Amar,Hyderabad,6,"2,001","12,006"
08-10-2021,OnePlus Buds,Headphone,Laxmi,Hyderabad,58,75,"4,350"
08-10-2021,Apple AirPods Pro,Headphone,Laxmi,Hyderabad,8,315,"2,520"
08-10-2021,HP Envy x360,Laptop,Amar,Hyderabad,4,"1,080","4,320"
08-10-2021,iPhone 11 Pro,Phone,Amar,Hyderabad,5,"1,575","7,875"
08-10-2021,OnePlus 8 Pro,Phone,Amar,Hyderabad,7,790,"5,530"
15-10-2021,Dell XPS 13,Laptop,Bruce,Bangalore,5,"2,001","10,005"
15-10-2021,OnePlus Buds,Headphone,Bruce,Bangalore,36,75,"2,700"
15-10-2021,Apple AirPods Pro,Headphone,Bruce,Bangalore,12,315,"3,780"
15-10-2021,HP Envy x360,Laptop,Bruce,Bangalore,4,"1,080","4,320"
15-10-2021,iPhone 11 Pro,Phone,Tara,Bangalore,3,"1,575","4,725"
15-10-2021,OnePlus 8 Pro,Phone,Tara,Bangalore,9,790,"7,110"
15-10-2021,Dell XPS 13,Laptop,Kate,Mumbai,5,"2,001","10,005"
15-10-2021,OnePlus Buds,Headphone,Krish,Mumbai,33,75,"2,475"
15-10-2021,Apple AirPods Pro,Headphone,Krish,Mumbai,10,315,"3,150"
15-10-2021,HP Envy x360,Laptop,Kate,Mumbai,3,"1,080","3,240"
15-10-2021,iPhone 11 Pro,Phone,Krish,Mumbai,3,"1,575","4,725"
15-10-2021,OnePlus 8 Pro,Phone,Krish,Mumbai,9,790,"7,110"
15-10-2021,Dell XPS 13,Laptop,Asif,Cochin,6,"2,001","12,006"
15-10-2021,OnePlus Buds,Headphone,Giana,Cochin,26,75,"1,950"
15-10-2021,Apple AirPods Pro,Headphone,Asif,Cochin,11,315,"3,465"
15-10-2021,HP Envy x360,Laptop,Asif,Cochin,4,"1,080","4,320"
15-10-2021,iPhone 11 Pro,Phone,Giana,Cochin,3,"1,575","4,725"
15-10-2021,OnePlus 8 Pro,Phone,Giana,Cochin,8,790,"6,320"
15-10-2021,Dell XPS 13,Laptop,Aryan,Delhi,3,"2,001","6,003"
15-10-2021,OnePlus Buds,Headphone,Leila,Delhi,41,75,"3,075"
15-10-2021,Apple AirPods Pro,Headphone,Leila,Delhi,8,315,"2,520"
15-10-2021,HP Envy x360,Laptop,Aryan,Delhi,5,"1,080","5,400"
15-10-2021,iPhone 11 Pro,Phone,Leila,Delhi,6,"1,575","9,450"
15-10-2021,OnePlus 8 Pro,Phone,Leila,Delhi,7,790,"5,530"
15-10-2021,Dell XPS 13,Laptop,Amar,Hyderabad,6,"2,001","12,006"
15-10-2021,OnePlus Buds,Headphone,Laxmi,Hyderabad,43,75,"3,225"
15-10-2021,Apple AirPods Pro,Headphone,Laxmi,Hyderabad,8,315,"2,520"
15-10-2021,HP Envy x360,Laptop,Amar,Hyderabad,5,"1,080","5,400"
15-10-2021,iPhone 11 Pro,Phone,Amar,Hyderabad,6,"1,575","9,450"
15-10-2021,OnePlus 8 Pro,Phone,Amar,Hyderabad,7,790,"5,530"
22-10-2021,Dell XPS 13,Laptop,Bruce,Bangalore,5,"2,001","10,005"
22-10-2021,OnePlus Buds,Headphone,Bruce,Bangalore,32,75,"2,400"
22-10-2021,Apple AirPods Pro,Headphone,Bruce,Bangalore,7,315,"2,205"
22-10-2021,HP Envy x360,Laptop,Bruce,Bangalore,6,"1,080","6,480"
22-10-2021,iPhone 11 Pro,Phone,Tara,Bangalore,4,"1,575","6,300"
22-10-2021,OnePlus 8 Pro,Phone,Tara,Bangalore,7,790,"5,530"
22-10-2021,Dell XPS 13,Laptop,Kate,Mumbai,3,"2,001","6,003"
22-10-2021,OnePlus Buds,Headphone,Krish,Mumbai,53,75,"3,975"
22-10-2021,Apple AirPods Pro,Headphone,Krish,Mumbai,14,315,"4,410"
22-10-2021,HP Envy x360,Laptop,Kate,Mumbai,5,"1,080","5,400"
22-10-2021,iPhone 11 Pro,Phone,Krish,Mumbai,2,"1,575","3,150"
22-10-2021,OnePlus 8 Pro,Phone,Krish,Mumbai,9,790,"7,110"
22-10-2021,Dell XPS 13,Laptop,Asif,Cochin,4,"2,001","8,004"
22-10-2021,OnePlus Buds,Headphone,Asif,Cochin,23,75,"1,725"
22-10-2021,Apple AirPods Pro,Headphone,Asif,Cochin,5,315,"1,575"
22-10-2021,HP Envy x360,Laptop,Asif,Cochin,2,"1,080","2,160"
22-10-2021,iPhone 11 Pro,Phone,Giana,Cochin,2,"1,575","3,150"
22-10-2021,OnePlus 8 Pro,Phone,Giana,Cochin,9,790,"7,110"
22-10-2021,Dell XPS 13,Laptop,Aryan,Delhi,3,"2,001","6,003"
22-10-2021,OnePlus Buds,Headphone,Leila,Delhi,53,75,"3,975"
22-10-2021,Apple AirPods Pro,Headphone,Leila,Delhi,12,315,"3,780"
22-10-2021,HP Envy x360,Laptop,Aryan,Delhi,6,"1,080","6,480"
22-10-2021,iPhone 11 Pro,Phone,Leila,Delhi,4,"1,575","6,300"
22-10-2021,OnePlus 8 Pro,Phone,Leila,Delhi,9,790,"7,110"
22-10-2021,Dell XPS 13,Laptop,Amar,Hyderabad,4,"2,001","8,004"
22-10-2021,OnePlus Buds,Headphone,Laxmi,Hyderabad,53,75,"3,975"
22-10-2021,Apple AirPods Pro,Headphone,Laxmi,Hyderabad,9,315,"2,835"
22-10-2021,HP Envy x360,Laptop,Amar,Hyderabad,6,"1,080","6,480"
22-10-2021,iPhone 11 Pro,Phone,Amar,Hyderabad,2,"1,575","3,150"
22-10-2021,OnePlus 8 Pro,Phone,Amar,Hyderabad,7,790,"5,530"
29-10-2021,Dell XPS 13,Laptop,Bruce,Bangalore,4,"2,001","8,004"
29-10-2021,OnePlus Buds,Headphone,Bruce,Bangalore,53,75,"3,975"
29-10-2021,Apple AirPods Pro,Headphone,Bruce,Bangalore,13,315,"4,095"
29-10-2021,HP Envy x360,Laptop,Bruce,Bangalore,3,"1,080","3,240"
29-10-2021,iPhone 11 Pro,Phone,Tara,Bangalore,4,"1,575","6,300"
29-10-2021,OnePlus 8 Pro,Phone,Tara,Bangalore,10,790,"7,900"
29-10-2021,Dell XPS 13,Laptop,Kate,Mumbai,6,"2,001","12,006"
29-10-2021,OnePlus Buds,Headphone,Krish,Mumbai,55,75,"4,125"
29-10-2021,Apple AirPods Pro,Headphone,Krish,Mumbai,15,315,"4,725"
29-10-2021,HP Envy x360,Laptop,Kate,Mumbai,6,"1,080","6,480"
29-10-2021,iPhone 11 Pro,Phone,Krish,Mumbai,4,"1,575","6,300"
29-10-2021,OnePlus 8 Pro,Phone,Kate,Mumbai,11,790,"8,690"
29-10-2021,Dell XPS 13,Laptop,Asif,Cochin,3,"2,001","6,003"
29-10-2021,OnePlus Buds,Headphone,Asif,Cochin,35,75,"2,625"
29-10-2021,Apple AirPods Pro,Headphone,Asif,Cochin,7,315,"2,205"
29-10-2021,HP Envy x360,Laptop,Asif,Cochin,3,"1,080","3,240"
29-10-2021,iPhone 11 Pro,Phone,Giana,Cochin,5,"1,575","7,875"
29-10-2021,OnePlus 8 Pro,Phone,Giana,Cochin,10,790,"7,900"
29-10-2021,Dell XPS 13,Laptop,Aryan,Delhi,4,"2,001","8,004"
29-10-2021,OnePlus Buds,Headphone,Leila,Delhi,51,75,"3,825"
29-10-2021,Apple AirPods Pro,Headphone,Leila,Delhi,7,315,"2,205"
29-10-2021,HP Envy x360,Laptop,Aryan,Delhi,5,"1,080","5,400"
29-10-2021,iPhone 11 Pro,Phone,Leila,Delhi,6,"1,575","9,450"
29-10-2021,OnePlus 8 Pro,Phone,Leila,Delhi,9,790,"7,110"
29-10-2021,Dell XPS 13,Laptop,Amar,Hyderabad,4,"2,001","8,004"
29-10-2021,OnePlus Buds,Headphone,Laxmi,Hyderabad,47,75,"3,525"
29-10-2021,Apple AirPods Pro,Headphone,Laxmi,Hyderabad,5,315,"1,575"
29-10-2021,HP Envy x360,Laptop,Amar,Hyderabad,2,"1,080","2,160"
29-10-2021,iPhone 11 Pro,Phone,Amar,Hyderabad,3,"1,575","4,725"
29-10-2021,OnePlus 8 Pro,Phone,Amar,Hyderabad,7,790,"5,530"
05-11-2021,Dell XPS 13,Laptop,Bruce,Bangalore,3,"2,001","6,003"
05-11-2021,OnePlus Buds,Headphone,Bruce,Bangalore,34,75,"2,550"
05-11-2021,Apple AirPods Pro,Headphone,Bruce,Bangalore,8,315,"2,520"
05-11-2021,HP Envy x360,Laptop,Bruce,Bangalore,3,"1,080","3,240"
05-11-2021,iPhone 11 Pro,Phone,Tara,Bangalore,5,"1,575","7,875"
05-11-2021,OnePlus 8 Pro,Phone,Tara,Bangalore,10,790,"7,900"
05-11-2021,Dell XPS 13,Laptop,Kate,Mumbai,4,"2,001","8,004"
05-11-2021,OnePlus Buds,Headphone,Krish,Mumbai,54,75,"4,050"
05-11-2021,Apple AirPods Pro,Headphone,Krish,Mumbai,13,315,"4,095"
05-11-2021,HP Envy x360,Laptop,Kate,Mumbai,4,"1,080","4,320"
05-11-2021,iPhone 11 Pro,Phone,Kate,Mumbai,6,"1,575","9,450"
05-11-2021,OnePlus 8 Pro,Phone,Kate,Mumbai,5,790,"3,950"
05-11-2021,Dell XPS 13,Laptop,Asif,Cochin,3,"2,001","6,003"
05-11-2021,OnePlus Buds,Headphone,Asif,Cochin,31,75,"2,325"
05-11-2021,Apple AirPods Pro,Headphone,Asif,Cochin,12,315,"3,780"
05-11-2021,HP Envy x360,Laptop,Asif,Cochin,5,"1,080","5,400"
05-11-2021,iPhone 11 Pro,Phone,Giana,Cochin,2,"1,575","3,150"
05-11-2021,OnePlus 8 Pro,Phone,Giana,Cochin,11,790,"8,690"
05-11-2021,Dell XPS 13,Laptop,Aryan,Delhi,5,"2,001","10,005"
05-11-2021,OnePlus Buds,Headphone,Leila,Delhi,60,75,"4,500"
05-11-2021,Apple AirPods Pro,Headphone,Aryan,Delhi,6,315,"1,890"
05-11-2021,HP Envy x360,Laptop,Aryan,Delhi,4,"1,080","4,320"
05-11-2021,iPhone 11 Pro,Phone,Leila,Delhi,6,"1,575","9,450"
05-11-2021,OnePlus 8 Pro,Phone,Leila,Delhi,10,790,"7,900"
05-11-2021,Dell XPS 13,Laptop,Amar,Hyderabad,3,"2,001","6,003"
05-11-2021,OnePlus Buds,Headphone,Laxmi,Hyderabad,40,75,"3,000"
05-11-2021,Apple AirPods Pro,Headphone,Laxmi,Hyderabad,7,315,"2,205"
05-11-2021,HP Envy x360,Laptop,Amar,Hyderabad,6,"1,080","6,480"
05-11-2021,iPhone 11 Pro,Phone,Amar,Hyderabad,4,"1,575","6,300"
05-11-2021,OnePlus 8 Pro,Phone,Amar,Hyderabad,9,790,"7,110"
12-11-2021,Dell XPS 13,Laptop,Bruce,Bangalore,3,"2,001","6,003"
12-11-2021,OnePlus Buds,Headphone,Bruce,Bangalore,55,75,"4,125"
12-11-2021,Apple AirPods Pro,Headphone,Bruce,Bangalore,10,315,"3,150"
12-11-2021,HP Envy x360,Laptop,Bruce,Bangalore,5,"1,080","5,400"
12-11-2021,iPhone 11 Pro,Phone,Tara,Bangalore,6,"1,575","9,450"
12-11-2021,OnePlus 8 Pro,Phone,Tara,Bangalore,11,790,"8,690"
12-11-2021,Dell XPS 13,Laptop,Kate,Mumbai,6,"2,001","12,006"
12-11-2021,OnePlus Buds,Headphone,Krish,Mumbai,32,75,"2,400"
12-11-2021,Apple AirPods Pro,Headphone,Krish,Mumbai,8,315,"2,520"
12-11-2021,HP Envy x360,Laptop,Kate,Mumbai,2,"1,080","2,160"
12-11-2021,iPhone 11 Pro,Phone,Kate,Mumbai,5,"1,575","7,875"
12-11-2021,OnePlus 8 Pro,Phone,Kate,Mumbai,7,790,"5,530"
12-11-2021,Dell XPS 13,Laptop,Asif,Cochin,3,"2,001","6,003"
12-11-2021,OnePlus Buds,Headphone,Asif,Cochin,26,75,"1,950"
12-11-2021,Apple AirPods Pro,Headphone,Asif,Cochin,11,315,"3,465"
12-11-2021,HP Envy x360,Laptop,Asif,Cochin,3,"1,080","3,240"
12-11-2021,iPhone 11 Pro,Phone,Giana,Cochin,4,"1,575","6,300"
12-11-2021,OnePlus 8 Pro,Phone,Giana,Cochin,6,790,"4,740"
12-11-2021,Dell XPS 13,Laptop,Aryan,Delhi,4,"2,001","8,004"
12-11-2021,OnePlus Buds,Headphone,Aryan,Delhi,52,75,"3,900"
12-11-2021,Apple AirPods Pro,Headphone,Aryan,Delhi,6,315,"1,890"
12-11-2021,HP Envy x360,Laptop,Aryan,Delhi,4,"1,080","4,320"
12-11-2021,iPhone 11 Pro,Phone,Leila,Delhi,2,"1,575","3,150"
12-11-2021,OnePlus 8 Pro,Phone,Leila,Delhi,7,790,"5,530"
12-11-2021,Dell XPS 13,Laptop,Amar,Hyderabad,6,"2,001","12,006"
12-11-2021,OnePlus Buds,Headphone,Laxmi,Hyderabad,40,75,"3,000"
12-11-2021,Apple AirPods Pro,Headphone,Laxmi,Hyderabad,7,315,"2,205"
12-11-2021,HP Envy x360,Laptop,Amar,Hyderabad,5,"1,080","5,400"
12-11-2021,iPhone 11 Pro,Phone,Amar,Hyderabad,5,"1,575","7,875"
12-11-2021,OnePlus 8 Pro,Phone,Amar,Hyderabad,5,790,"3,950"
19-11-2021,Dell XPS 13,Laptop,Bruce,Bangalore,5,"2,001","10,005"
19-11-2021,OnePlus Buds,Headphone,Bruce,Bangalore,55,75,"4,125"
19-11-2021,Apple AirPods Pro,Headphone,Bruce,Bangalore,6,315,"1,890"
19-11-2021,HP Envy x360,Laptop,Bruce,Bangalore,5,"1,080","5,400"
19-11-2021,iPhone 11 Pro,Phone,Tara,Bangalore,6,"1,575","9,450"
19-11-2021,OnePlus 8 Pro,Phone,Tara,Bangalore,11,790,"8,690"
19-11-2021,Dell XPS 13,Laptop,Kate,Mumbai,6,"2,001","12,006"
19-11-2021,OnePlus Buds,Headphone,Krish,Mumbai,55,75,"4,125"
19-11-2021,Apple AirPods Pro,Headphone,Krish,Mumbai,12,315,"3,780"
19-11-2021,HP Envy x360,Laptop,Kate,Mumbai,6,"1,080","6,480"
19-11-2021,iPhone 11 Pro,Phone,Kate,Mumbai,2,"1,575","3,150"
19-11-2021,OnePlus 8 Pro,Phone,Kate,Mumbai,9,790,"7,110"
19-11-2021,Dell XPS 13,Laptop,Asif,Cochin,6,"2,001","12,006"
19-11-2021,OnePlus Buds,Headphone,Asif,Cochin,24,75,"1,800"
19-11-2021,Apple AirPods Pro,Headphone,Asif,Cochin,14,315,"4,410"
19-11-2021,HP Envy x360,Laptop,Asif,Cochin,3,"1,080","3,240"
19-11-2021,iPhone 11 Pro,Phone,Giana,Cochin,6,"1,575","9,450"
19-11-2021,OnePlus 8 Pro,Phone,Giana,Cochin,8,790,"6,320"
19-11-2021,Dell XPS 13,Laptop,Aryan,Delhi,5,"2,001","10,005"
19-11-2021,OnePlus Buds,Headphone,Aryan,Delhi,36,75,"2,700"
19-11-2021,Apple AirPods Pro,Headphone,Aryan,Delhi,12,315,"3,780"
19-11-2021,HP Envy x360,Laptop,Aryan,Delhi,6,"1,080","6,480"
19-11-2021,iPhone 11 Pro,Phone,Leila,Delhi,3,"1,575","4,725"
19-11-2021,OnePlus 8 Pro,Phone,Leila,Delhi,6,790,"4,740"
19-11-2021,Dell XPS 13,Laptop,Amar,Hyderabad,6,"2,001","12,006"
19-11-2021,OnePlus Buds,Headphone,Laxmi,Hyderabad,48,75,"3,600"
19-11-2021,Apple AirPods Pro,Headphone,Laxmi,Hyderabad,5,315,"1,575"
19-11-2021,HP Envy x360,Laptop,Amar,Hyderabad,3,"1,080","3,240"
19-11-2021,iPhone 11 Pro,Phone,Amar,Hyderabad,6,"1,575","9,450"
19-11-2021,OnePlus 8 Pro,Phone,Amar,Hyderabad,10,790,"7,900"
26-11-2021,Dell XPS 13,Laptop,Bruce,Bangalore,3,"2,001","6,003"
26-11-2021,OnePlus Buds,Headphone,Bruce,Bangalore,46,75,"3,450"
26-11-2021,Apple AirPods Pro,Headphone,Bruce,Bangalore,10,315,"3,150"
26-11-2021,HP Envy x360,Laptop,Bruce,Bangalore,3,"1,080","3,240"
26-11-2021,iPhone 11 Pro,Phone,Tara,Bangalore,4,"1,575","6,300"
26-11-2021,OnePlus 8 Pro,Phone,Tara,Bangalore,9,790,"7,110"
26-11-2021,Dell XPS 13,Laptop,Kate,Mumbai,3,"2,001","6,003"
26-11-2021,OnePlus Buds,Headphone,Krish,Mumbai,65,75,"4,875"
26-11-2021,Apple AirPods Pro,Headphone,Krish,Mumbai,12,315,"3,780"
26-11-2021,HP Envy x360,Laptop,Kate,Mumbai,3,"1,080","3,240"
26-11-2021,iPhone 11 Pro,Phone,Kate,Mumbai,2,"1,575","3,150"
26-11-2021,OnePlus 8 Pro,Phone,Kate,Mumbai,9,790,"7,110"
26-11-2021,Dell XPS 13,Laptop,Asif,Cochin,4,"2,001","8,004"
26-11-2021,OnePlus Buds,Headphone,Asif,Cochin,45,75,"3,375"
26-11-2021,Apple AirPods Pro,Headphone,Asif,Cochin,11,315,"3,465"
26-11-2021,HP Envy x360,Laptop,Asif,Cochin,6,"1,080","6,480"
26-11-2021,iPhone 11 Pro,Phone,Giana,Cochin,6,"1,575","9,450"
26-11-2021,OnePlus 8 Pro,Phone,Giana,Cochin,5,790,"3,950"
26-11-2021,Dell XPS 13,Laptop,Aryan,Delhi,5,"2,001","10,005"
26-11-2021,OnePlus Buds,Headphone,Aryan,Delhi,31,75,"2,325"
26-11-2021,Apple AirPods Pro,Headphone,Aryan,Delhi,8,315,"2,520"
26-11-2021,HP Envy x360,Laptop,Aryan,Delhi,4,"1,080","4,320"
26-11-2021,iPhone 11 Pro,Phone,Leila,Delhi,4,"1,575","6,300"
26-11-2021,OnePlus 8 Pro,Phone,Leila,Delhi,11,790,"8,690"
26-11-2021,Dell XPS 13,Laptop,Amar,Hyderabad,4,"2,001","8,004"
26-11-2021,OnePlus Buds,Headphone,Laxmi,Hyderabad,48,75,"3,600"
26-11-2021,Apple AirPods Pro,Headphone,Laxmi,Hyderabad,11,315,"3,465"
26-11-2021,HP Envy x360,Laptop,Amar,Hyderabad,2,"1,080","2,160"
26-11-2021,iPhone 11 Pro,Phone,Amar,Hyderabad,4,"1,575","6,300"
26-11-2021,OnePlus 8 Pro,Phone,Amar,Hyderabad,10,790,"7,900"
03-12-2021,Dell XPS 13,Laptop,Bruce,Bangalore,3,"2,001","6,003"
03-12-2021,OnePlus Buds,Headphone,Bruce,Bangalore,38,75,"2,850"
03-12-2021,Apple AirPods Pro,Headphone,Bruce,Bangalore,13,315,"4,095"
03-12-2021,HP Envy x360,Laptop,Bruce,Bangalore,5,"1,080","5,400"
03-12-2021,iPhone 11 Pro,Phone,Tara,Bangalore,4,"1,575","6,300"
03-12-2021,OnePlus 8 Pro,Phone,Tara,Bangalore,10,790,"7,900"
03-12-2021,Dell XPS 13,Laptop,Kate,Mumbai,6,"2,001","12,006"
03-12-2021,OnePlus Buds,Headphone,Krish,Mumbai,66,75,"4,950"
03-12-2021,Apple AirPods Pro,Headphone,Krish,Mumbai,11,315,"3,465"
03-12-2021,HP Envy x360,Laptop,Kate,Mumbai,5,"1,080","5,400"
03-12-2021,iPhone 11 Pro,Phone,Kate,Mumbai,4,"1,575","6,300"
03-12-2021,OnePlus 8 Pro,Phone,Kate,Mumbai,5,790,"3,950"
03-12-2021,Dell XPS 13,Laptop,Asif,Cochin,4,"2,001","8,004"
03-12-2021,OnePlus Buds,Headphone,Asif,Cochin,25,75,"1,875"
03-12-2021,Apple AirPods Pro,Headphone,Asif,Cochin,11,315,"3,465"
03-12-2021,HP Envy x360,Laptop,Asif,Cochin,4,"1,080","4,320"
03-12-2021,iPhone 11 Pro,Phone,Giana,Cochin,3,"1,575","4,725"
03-12-2021,OnePlus 8 Pro,Phone,Giana,Cochin,8,790,"6,320"
03-12-2021,Dell XPS 13,Laptop,Aryan,Delhi,6,"2,001","12,006"
03-12-2021,OnePlus Buds,Headphone,Aryan,Delhi,53,75,"3,975"
03-12-2021,Apple AirPods Pro,Headphone,Aryan,Delhi,5,315,"1,575"
03-12-2021,HP Envy x360,Laptop,Aryan,Delhi,6,"1,080","6,480"
03-12-2021,iPhone 11 Pro,Phone,Leila,Delhi,4,"1,575","6,300"
03-12-2021,OnePlus 8 Pro,Phone,Leila,Delhi,10,790,"7,900"
03-12-2021,Dell XPS 13,Laptop,Amar,Hyderabad,4,"2,001","8,004"
03-12-2021,OnePlus Buds,Headphone,Laxmi,Hyderabad,31,75,"2,325"
03-12-2021,Apple AirPods Pro,Headphone,Laxmi,Hyderabad,5,315,"1,575"
03-12-2021,HP Envy x360,Laptop,Amar,Hyderabad,2,"1,080","2,160"
03-12-2021,iPhone 11 Pro,Phone,Amar,Hyderabad,5,"1,575","7,875"
03-12-2021,OnePlus 8 Pro,Phone,Amar,Hyderabad,11,790,"8,690"
10-12-2021,Dell XPS 13,Laptop,Bruce,Bangalore,6,"2,001","12,006"
10-12-2021,OnePlus Buds,Headphone,Bruce,Bangalore,57,75,"4,275"
10-12-2021,Apple AirPods Pro,Headphone,Bruce,Bangalore,10,315,"3,150"
10-12-2021,HP Envy x360,Laptop,Bruce,Bangalore,5,"1,080","5,400"
10-12-2021,iPhone 11 Pro,Phone,Tara,Bangalore,5,"1,575","7,875"
10-12-2021,OnePlus 8 Pro,Phone,Tara,Bangalore,8,790,"6,320"
10-12-2021,Dell XPS 13,Laptop,Kate,Mumbai,5,"2,001","10,005"
10-12-2021,OnePlus Buds,Headphone,Krish,Mumbai,67,75,"5,025"
10-12-2021,Apple AirPods Pro,Headphone,Krish,Mumbai,23,315,"7,245"
10-12-2021,HP Envy x360,Laptop,Kate,Mumbai,5,"1,080","5,400"
10-12-2021,iPhone 11 Pro,Phone,Kate,Mumbai,6,"1,575","9,450"
10-12-2021,OnePlus 8 Pro,Phone,Kate,Mumbai,8,790,"6,320"
10-12-2021,Dell XPS 13,Laptop,Asif,Cochin,6,"2,001","12,006"
10-12-2021,OnePlus Buds,Headphone,Asif,Cochin,41,75,"3,075"
10-12-2021,Apple AirPods Pro,Headphone,Asif,Cochin,5,315,"1,575"
10-12-2021,HP Envy x360,Laptop,Asif,Cochin,6,"1,080","6,480"
10-12-2021,iPhone 11 Pro,Phone,Giana,Cochin,4,"1,575","6,300"
10-12-2021,OnePlus 8 Pro,Phone,Giana,Cochin,5,790,"3,950"
10-12-2021,Dell XPS 13,Laptop,Aryan,Delhi,6,"2,001","12,006"
10-12-2021,OnePlus Buds,Headphone,Aryan,Delhi,50,75,"3,750"
10-12-2021,Apple AirPods Pro,Headphone,Aryan,Delhi,5,315,"1,575"
10-12-2021,HP Envy x360,Laptop,Aryan,Delhi,4,"1,080","4,320"
10-12-2021,iPhone 11 Pro,Phone,Leila,Delhi,2,"1,575","3,150"
10-12-2021,OnePlus 8 Pro,Phone,Leila,Delhi,8,790,"6,320"
10-12-2021,Dell XPS 13,Laptop,Amar,Hyderabad,4,"2,001","8,004"
10-12-2021,OnePlus Buds,Headphone,Laxmi,Hyderabad,55,75,"4,125"
10-12-2021,Apple AirPods Pro,Headphone,Laxmi,Hyderabad,10,315,"3,150"
10-12-2021,HP Envy x360,Laptop,Amar,Hyderabad,3,"1,080","3,240"
10-12-2021,iPhone 11 Pro,Phone,Amar,Hyderabad,5,"1,575","7,875"
10-12-2021,OnePlus 8 Pro,Phone,Amar,Hyderabad,9,790,"7,110"
17-12-2021,Dell XPS 13,Laptop,Bruce,Bangalore,6,"2,001","12,006"
17-12-2021,OnePlus Buds,Headphone,Bruce,Bangalore,47,75,"3,525"
17-12-2021,Apple AirPods Pro,Headphone,Bruce,Bangalore,14,315,"4,410"
17-12-2021,HP Envy x360,Laptop,Bruce,Bangalore,5,"1,080","5,400"
17-12-2021,iPhone 11 Pro,Phone,Tara,Bangalore,3,"1,575","4,725"
17-12-2021,OnePlus 8 Pro,Phone,Tara,Bangalore,10,790,"7,900"
17-12-2021,Dell XPS 13,Laptop,Kate,Mumbai,6,"2,001","12,006"
17-12-2021,OnePlus Buds,Headphone,Krish,Mumbai,66,75,"4,950"
17-12-2021,Apple AirPods Pro,Headphone,Krish,Mumbai,2,315,630
17-12-2021,HP Envy x360,Laptop,Kate,Mumbai,4,"1,080","4,320"
17-12-2021,iPhone 11 Pro,Phone,Krish,Mumbai,4,"1,575","6,300"
17-12-2021,OnePlus 8 Pro,Phone,Krish,Mumbai,5,790,"3,950"
17-12-2021,Dell XPS 13,Laptop,Asif,Cochin,3,"2,001","6,003"
17-12-2021,OnePlus Buds,Headphone,Asif,Cochin,36,75,"2,700"
17-12-2021,Apple AirPods Pro,Headphone,Asif,Cochin,11,315,"3,465"
17-12-2021,HP Envy x360,Laptop,Asif,Cochin,6,"1,080","6,480"
17-12-2021,iPhone 11 Pro,Phone,Giana,Cochin,5,"1,575","7,875"
17-12-2021,OnePlus 8 Pro,Phone,Giana,Cochin,11,790,"8,690"
17-12-2021,Dell XPS 13,Laptop,Aryan,Delhi,3,"2,001","6,003"
17-12-2021,OnePlus Buds,Headphone,Aryan,Delhi,58,75,"4,350"
17-12-2021,Apple AirPods Pro,Headphone,Aryan,Delhi,9,315,"2,835"
17-12-2021,HP Envy x360,Laptop,Aryan,Delhi,6,"1,080","6,480"
17-12-2021,iPhone 11 Pro,Phone,Leila,Delhi,6,"1,575","9,450"
17-12-2021,OnePlus 8 Pro,Phone,Leila,Delhi,10,790,"7,900"
17-12-2021,Dell XPS 13,Laptop,Amar,Hyderabad,6,"2,001","12,006"
17-12-2021,OnePlus Buds,Headphone,Laxmi,Hyderabad,36,75,"2,700"
17-12-2021,Apple AirPods Pro,Headphone,Laxmi,Hyderabad,9,315,"2,835"
17-12-2021,HP Envy x360,Laptop,Amar,Hyderabad,5,"1,080","5,400"
17-12-2021,iPhone 11 Pro,Phone,Laxmi,Hyderabad,6,"1,575","9,450"
17-12-2021,OnePlus 8 Pro,Phone,Laxmi,Hyderabad,6,790,"4,740"
24-12-2021,Dell XPS 13,Laptop,Bruce,Bangalore,3,"2,001","6,003"
24-12-2021,OnePlus Buds,Headphone,Bruce,Bangalore,60,75,"4,500"
24-12-2021,Apple AirPods Pro,Headphone,Bruce,Bangalore,14,315,"4,410"
24-12-2021,HP Envy x360,Laptop,Bruce,Bangalore,6,"1,080","6,480"
24-12-2021,iPhone 11 Pro,Phone,Tara,Bangalore,2,"1,575","3,150"
24-12-2021,OnePlus 8 Pro,Phone,Tara,Bangalore,9,790,"7,110"
24-12-2021,Dell XPS 13,Laptop,Kate,Mumbai,3,"2,001","6,003"
24-12-2021,OnePlus Buds,Headphone,Krish,Mumbai,66,75,"4,950"
24-12-2021,Apple AirPods Pro,Headphone,Krish,Mumbai,15,315,"4,725"
24-12-2021,HP Envy x360,Laptop,Kate,Mumbai,6,"1,080","6,480"
24-12-2021,iPhone 11 Pro,Phone,Krish,Mumbai,4,"1,575","6,300"
24-12-2021,OnePlus 8 Pro,Phone,Krish,Mumbai,6,790,"4,740"
24-12-2021,Dell XPS 13,Laptop,Asif,Cochin,4,"2,001","8,004"
24-12-2021,OnePlus Buds,Headphone,Giana,Cochin,31,75,"2,325"
24-12-2021,Apple AirPods Pro,Headphone,Giana,Cochin,5,315,"1,575"
24-12-2021,HP Envy x360,Laptop,Asif,Cochin,5,"1,080","5,400"
24-12-2021,iPhone 11 Pro,Phone,Giana,Cochin,4,"1,575","6,300"
24-12-2021,OnePlus 8 Pro,Phone,Giana,Cochin,5,790,"3,950"
24-12-2021,Dell XPS 13,Laptop,Aryan,Delhi,3,"2,001","6,003"
24-12-2021,OnePlus Buds,Headphone,Aryan,Delhi,52,75,"3,900"
24-12-2021,Apple AirPods Pro,Headphone,Aryan,Delhi,8,315,"2,520"
24-12-2021,HP Envy x360,Laptop,Aryan,Delhi,2,"1,080","2,160"
24-12-2021,iPhone 11 Pro,Phone,Leila,Delhi,3,"1,575","4,725"
24-12-2021,OnePlus 8 Pro,Phone,Leila,Delhi,5,790,"3,950"
24-12-2021,Dell XPS 13,Laptop,Amar,Hyderabad,5,"2,001","10,005"
24-12-2021,OnePlus Buds,Headphone,Laxmi,Hyderabad,34,75,"2,550"
24-12-2021,Apple AirPods Pro,Headphone,Laxmi,Hyderabad,10,315,"3,150"
24-12-2021,HP Envy x360,Laptop,Amar,Hyderabad,6,"1,080","6,480"
24-12-2021,iPhone 11 Pro,Phone,Laxmi,Hyderabad,6,"1,575","9,450"
24-12-2021,OnePlus 8 Pro,Phone,Laxmi,Hyderabad,5,790,"3,950"
31-12-2021,Dell XPS 13,Laptop,Bruce,Bangalore,6,"2,001","12,006"
31-12-2021,OnePlus Buds,Headphone,Bruce,Bangalore,45,75,"3,375"
31-12-2021,Apple AirPods Pro,Headphone,Bruce,Bangalore,11,315,"3,465"
31-12-2021,HP Envy x360,Laptop,Bruce,Bangalore,3,"1,080","3,240"
31-12-2021,iPhone 11 Pro,Phone,Tara,Bangalore,3,"1,575","4,725"
31-12-2021,OnePlus 8 Pro,Phone,Tara,Bangalore,5,790,"3,950"
31-12-2021,Dell XPS 13,Laptop,Kate,Mumbai,3,"2,001","6,003"
31-12-2021,OnePlus Buds,Headphone,Krish,Mumbai,44,75,"3,300"
31-12-2021,Apple AirPods Pro,Headphone,Krish,Mumbai,15,315,"4,725"
31-12-2021,HP Envy x360,Laptop,Kate,Mumbai,5,"1,080","5,400"
31-12-2021,iPhone 11 Pro,Phone,Krish,Mumbai,4,"1,575","6,300"
31-12-2021,OnePlus 8 Pro,Phone,Krish,Mumbai,9,790,"7,110"
31-12-2021,Dell XPS 13,Laptop,Asif,Cochin,6,"2,001","12,006"
31-12-2021,OnePlus Buds,Headphone,Giana,Cochin,23,75,"1,725"
31-12-2021,Apple AirPods Pro,Headphone,Giana,Cochin,8,315,"2,520"
31-12-2021,HP Envy x360,Laptop,Asif,Cochin,3,"1,080","3,240"
31-12-2021,iPhone 11 Pro,Phone,Giana,Cochin,3,"1,575","4,725"
31-12-2021,OnePlus 8 Pro,Phone,Giana,Cochin,9,790,"7,110"
31-12-2021,Dell XPS 13,Laptop,Aryan,Delhi,5,"2,001","10,005"
31-12-2021,OnePlus Buds,Headphone,Aryan,Delhi,51,75,"3,825"
31-12-2021,Apple AirPods Pro,Headphone,Aryan,Delhi,7,315,"2,205"
31-12-2021,HP Envy x360,Laptop,Aryan,Delhi,5,"1,080","5,400"
31-12-2021,iPhone 11 Pro,Phone,Leila,Delhi,6,"1,575","9,450"
31-12-2021,OnePlus 8 Pro,Phone,Leila,Delhi,10,790,"7,900"
31-12-2021,Dell XPS 13,Laptop,Amar,Hyderabad,6,"2,001","12,006"
31-12-2021,OnePlus Buds,Headphone,Laxmi,Hyderabad,59,75,"4,425"
31-12-2021,Apple AirPods Pro,Headphone,Laxmi,Hyderabad,11,315,"3,465"
31-12-2021,HP Envy x360,Laptop,Amar,Hyderabad,2,"1,080","2,160"
31-12-2021,iPhone 11 Pro,Phone,Laxmi,Hyderabad,4,"1,575","6,300"
31-12-2021,OnePlus 8 Pro,Phone,Laxmi,Hyderabad,10,790,"7,900"
